customer_id,first_name,last_name,address,email,phone_number
1,James,Smith,"123 Main St, Springfield, IL",jsmith1@customer.com,555-190-3233
2,James,Johnson,"123 Main St, Springfield, IL",jjohnson2@customer.com,555-525-8357
3,James,Williams,"123 Main St, Springfield, IL",jwilliams3@customer.com,555-933-4447
4,James,Brown,"123 Main St, Springfield, IL",jbrown4@customer.com,555-897-0326
5,James,Jones,"123 Main St, Springfield, IL",jjones5@customer.com,555-762-5836
6,James,Garcia,"123 Main St, Springfield, IL",jgarcia6@customer.com,555-582-5709
7,James,Miller,"123 Main St, Springfield, IL",jmiller7@customer.com,555-195-1985
8,James,Davis,"123 Main St, Springfield, IL",jdavis8@customer.com,555-416-2205
9,James,Rodriguez,"123 Main St, Springfield, IL",jrodriguez9@customer.com,555-880-8679
10,James,Martinez,"123 Main St, Springfield, IL",jmartinez10@customer.com,555-283-4564
11,James,Hernandez,"123 Main St, Springfield, IL",jhernandez11@customer.com,555-279-8494
12,James,Lopez,"123 Main St, Springfield, IL",jlopez12@customer.com,555-284-2248
13,James,Gonzalez,"123 Main St, Springfield, IL",jgonzalez13@customer.com,555-224-3907
14,James,Wilson,"123 Main St, Springfield, IL",jwilson14@customer.com,555-651-0888
15,James,Anderson,"123 Main St, Springfield, IL",janderson15@customer.com,555-928-1269
16,James,Thomas,"123 Main St, Springfield, IL",jthomas16@customer.com,555-764-7525
17,James,Taylor,"123 Main St, Springfield, IL",jtaylor17@customer.com,555-432-3796
18,James,Moore,"123 Main St, Springfield, IL",jmoore18@customer.com,555-585-8964
19,James,Jackson,"123 Main St, Springfield, IL",jjackson19@customer.com,555-981-0349
20,James,Martin,"123 Main St, Springfield, IL",jmartin20@customer.com,555-648-6689
21,James,Peter,"123 Main St, Springfield, IL",jpeter21@customer.com,555-298-7370
22,James,Victoria,"123 Main St, Springfield, IL",jvictoria22@customer.com,555-777-8852
23,James,Raymond,"123 Main St, Springfield, IL",jraymond23@customer.com,555-453-6709
24,James,Julia,"123 Main St, Springfield, IL",jjulia24@customer.com,555-366-5637
25,James,Scott,"123 Main St, Springfield, IL",jscott25@customer.com,555-181-1932
26,James,Grace,"123 Main St, Springfield, IL",jgrace26@customer.com,555-019-0071
27,James,Dennis,"123 Main St, Springfield, IL",jdennis27@customer.com,555-137-9377
28,James,Evelyn,"123 Main St, Springfield, IL",jevelyn28@customer.com,555-069-0197
29,James,Gregory,"123 Main St, Springfield, IL",jgregory29@customer.com,555-887-3481
30,James,Anna,"123 Main St, Springfield, IL",janna30@customer.com,555-563-7565
31,James,Walter,"123 Main St, Springfield, IL",jwalter31@customer.com,555-033-4018
32,James,Rose,"123 Main St, Springfield, IL",jrose32@customer.com,555-244-5569
33,James,Patrick,"123 Main St, Springfield, IL",jpatrick33@customer.com,555-666-4228
34,James,Judith,"123 Main St, Springfield, IL",jjudith34@customer.com,555-779-8995
35,James,Henry,"123 Main St, Springfield, IL",jhenry35@customer.com,555-150-0658
36,James,Christina,"123 Main St, Springfield, IL",jchristina36@customer.com,555-589-6120
37,James,Douglas,"123 Main St, Springfield, IL",jdouglas37@customer.com,555-318-4273
38,James,Maria,"123 Main St, Springfield, IL",jmaria38@customer.com,555-479-9998
39,James,Harold,"123 Main St, Springfield, IL",jharold39@customer.com,555-535-1841
40,James,Nicole,"123 Main St, Springfield, IL",jnicole40@customer.com,555-386-3801
41,James,Alexander,"123 Main St, Springfield, IL",jalexander41@customer.com,555-334-9898
42,James,Megan,"123 Main St, Springfield, IL",jmegan42@customer.com,555-923-9373
43,James,Samuel,"123 Main St, Springfield, IL",jsamuel43@customer.com,555-963-8196
44,James,Dorothy,"123 Main St, Springfield, IL",jdorothy44@customer.com,555-967-4371
45,James,Frank,"123 Main St, Springfield, IL",jfrank45@customer.com,555-004-8102
46,James,Sophia,"123 Main St, Springfield, IL",jsophia46@customer.com,555-596-0484
47,James,Lawrence,"123 Main St, Springfield, IL",jlawrence47@customer.com,555-934-7865
48,James,Alice,"123 Main St, Springfield, IL",jalice48@customer.com,555-612-2827
49,James,Arthur,"123 Main St, Springfield, IL",jarthur49@customer.com,555-400-4816
50,James,Ruth,"123 Main St, Springfield, IL",jruth50@customer.com,555-930-8392
51,James,Philip,"123 Main St, Springfield, IL",jphilip51@customer.com,555-092-6976
52,James,Diana,"123 Main St, Springfield, IL",jdiana52@customer.com,555-202-2321
53,James,Roger,"123 Main St, Springfield, IL",jroger53@customer.com,555-886-3894
54,James,Natalie,"123 Main St, Springfield, IL",jnatalie54@customer.com,555-662-5380
55,James,Benjamin,"123 Main St, Springfield, IL",jbenjamin55@customer.com,555-918-6271
56,James,Virginia,"123 Main St, Springfield, IL",jvirginia56@customer.com,555-531-0721
57,James,Bruce,"123 Main St, Springfield, IL",jbruce57@customer.com,555-965-3685
58,James,Madison,"123 Main St, Springfield, IL",jmadison58@customer.com,555-316-5957
59,James,Adam,"123 Main St, Springfield, IL",jadam59@customer.com,555-164-7552
60,James,Abigail,"123 Main St, Springfield, IL",jabigail60@customer.com,555-576-1157
61,James,Gerald,"123 Main St, Springfield, IL",jgerald61@customer.com,555-807-4823
62,James,Lauren,"123 Main St, Springfield, IL",jlauren62@customer.com,555-128-8807
63,James,Keith,"123 Main St, Springfield, IL",jkeith63@customer.com,555-792-0539
64,James,Isabella,"123 Main St, Springfield, IL",jisabella64@customer.com,555-123-4149
65,James,Terry,"123 Main St, Springfield, IL",jterry65@customer.com,555-245-3046
66,James,Jane,"123 Main St, Springfield, IL",jjane66@customer.com,555-503-4760
67,James,Wayne,"123 Main St, Springfield, IL",jwayne67@customer.com,555-809-3735
68,James,Amy,"123 Main St, Springfield, IL",jamy68@customer.com,555-268-3976
69,James,Ralph,"123 Main St, Springfield, IL",jralph69@customer.com,555-039-4112
70,James,Cynthia,"123 Main St, Springfield, IL",jcynthia70@customer.com,555-249-4491
71,James,Smith,"456 Elm St, Anytown, CA",jsmith71@customer.com,555-260-1649
72,James,Johnson,"456 Elm St, Anytown, CA",jjohnson72@customer.com,555-030-1759
73,James,Williams,"456 Elm St, Anytown, CA",jwilliams73@customer.com,555-126-7689
74,James,Brown,"456 Elm St, Anytown, CA",jbrown74@customer.com,555-119-6935
75,James,Jones,"456 Elm St, Anytown, CA",jjones75@customer.com,555-032-0549
76,James,Garcia,"456 Elm St, Anytown, CA",jgarcia76@customer.com,555-831-7733
77,James,Miller,"456 Elm St, Anytown, CA",jmiller77@customer.com,555-713-8738
78,James,Davis,"456 Elm St, Anytown, CA",jdavis78@customer.com,555-213-6332
79,James,Rodriguez,"456 Elm St, Anytown, CA",jrodriguez79@customer.com,555-676-3901
80,James,Martinez,"456 Elm St, Anytown, CA",jmartinez80@customer.com,555-761-1610
81,James,Hernandez,"456 Elm St, Anytown, CA",jhernandez81@customer.com,555-104-5650
82,James,Lopez,"456 Elm St, Anytown, CA",jlopez82@customer.com,555-100-8488
83,James,Gonzalez,"456 Elm St, Anytown, CA",jgonzalez83@customer.com,555-630-0957
84,James,Wilson,"456 Elm St, Anytown, CA",jwilson84@customer.com,555-642-8378
85,James,Anderson,"456 Elm St, Anytown, CA",janderson85@customer.com,555-666-3252
86,James,Thomas,"456 Elm St, Anytown, CA",jthomas86@customer.com,555-378-0250
87,James,Taylor,"456 Elm St, Anytown, CA",jtaylor87@customer.com,555-396-6876
88,James,Moore,"456 Elm St, Anytown, CA",jmoore88@customer.com,555-632-3300
89,James,Jackson,"456 Elm St, Anytown, CA",jjackson89@customer.com,555-166-8097
90,James,Martin,"456 Elm St, Anytown, CA",jmartin90@customer.com,555-039-3354
91,James,Peter,"456 Elm St, Anytown, CA",jpeter91@customer.com,555-118-6278
92,James,Victoria,"456 Elm St, Anytown, CA",jvictoria92@customer.com,555-709-2161
93,James,Raymond,"456 Elm St, Anytown, CA",jraymond93@customer.com,555-251-4945
94,James,Julia,"456 Elm St, Anytown, CA",jjulia94@customer.com,555-498-3515
95,James,Scott,"456 Elm St, Anytown, CA",jscott95@customer.com,555-214-0998
96,James,Grace,"456 Elm St, Anytown, CA",jgrace96@customer.com,555-118-0860
97,James,Dennis,"456 Elm St, Anytown, CA",jdennis97@customer.com,555-133-8240
98,James,Evelyn,"456 Elm St, Anytown, CA",jevelyn98@customer.com,555-644-4546
99,James,Gregory,"456 Elm St, Anytown, CA",jgregory99@customer.com,555-515-9773
100,James,Anna,"456 Elm St, Anytown, CA",janna100@customer.com,555-382-3755
101,James,Walter,"456 Elm St, Anytown, CA",jwalter101@customer.com,555-037-4944
102,James,Rose,"456 Elm St, Anytown, CA",jrose102@customer.com,555-832-0509
103,James,Patrick,"456 Elm St, Anytown, CA",jpatrick103@customer.com,555-551-4846
104,James,Judith,"456 Elm St, Anytown, CA",jjudith104@customer.com,555-090-7877
105,James,Henry,"456 Elm St, Anytown, CA",jhenry105@customer.com,555-292-3627
106,James,Christina,"456 Elm St, Anytown, CA",jchristina106@customer.com,555-910-6126
107,James,Douglas,"456 Elm St, Anytown, CA",jdouglas107@customer.com,555-895-1471
108,James,Maria,"456 Elm St, Anytown, CA",jmaria108@customer.com,555-474-9753
109,James,Harold,"456 Elm St, Anytown, CA",jharold109@customer.com,555-444-5878
110,James,Nicole,"456 Elm St, Anytown, CA",jnicole110@customer.com,555-535-6155
111,James,Alexander,"456 Elm St, Anytown, CA",jalexander111@customer.com,555-359-2426
112,James,Megan,"456 Elm St, Anytown, CA",jmegan112@customer.com,555-428-7697
113,James,Samuel,"456 Elm St, Anytown, CA",jsamuel113@customer.com,555-239-3188
114,James,Dorothy,"456 Elm St, Anytown, CA",jdorothy114@customer.com,555-666-7997
115,James,Frank,"456 Elm St, Anytown, CA",jfrank115@customer.com,555-463-9593
116,James,Sophia,"456 Elm St, Anytown, CA",jsophia116@customer.com,555-126-1782
117,James,Lawrence,"456 Elm St, Anytown, CA",jlawrence117@customer.com,555-547-6407
118,James,Alice,"456 Elm St, Anytown, CA",jalice118@customer.com,555-210-6916
119,James,Arthur,"456 Elm St, Anytown, CA",jarthur119@customer.com,555-555-6199
120,James,Ruth,"456 Elm St, Anytown, CA",jruth120@customer.com,555-238-5452
121,James,Philip,"456 Elm St, Anytown, CA",jphilip121@customer.com,555-339-7509
122,James,Diana,"456 Elm St, Anytown, CA",jdiana122@customer.com,555-070-1501
123,James,Roger,"456 Elm St, Anytown, CA",jroger123@customer.com,555-444-2605
124,James,Natalie,"456 Elm St, Anytown, CA",jnatalie124@customer.com,555-319-2506
125,James,Benjamin,"456 Elm St, Anytown, CA",jbenjamin125@customer.com,555-178-8725
126,James,Virginia,"456 Elm St, Anytown, CA",jvirginia126@customer.com,555-431-4266
127,James,Bruce,"456 Elm St, Anytown, CA",jbruce127@customer.com,555-323-4976
128,James,Madison,"456 Elm St, Anytown, CA",jmadison128@customer.com,555-474-2356
129,James,Adam,"456 Elm St, Anytown, CA",jadam129@customer.com,555-571-7958
130,James,Abigail,"456 Elm St, Anytown, CA",jabigail130@customer.com,555-280-3143
131,James,Gerald,"456 Elm St, Anytown, CA",jgerald131@customer.com,555-058-3126
132,James,Lauren,"456 Elm St, Anytown, CA",jlauren132@customer.com,555-441-1188
133,James,Keith,"456 Elm St, Anytown, CA",jkeith133@customer.com,555-442-0919
134,James,Isabella,"456 Elm St, Anytown, CA",jisabella134@customer.com,555-900-1589
135,James,Terry,"456 Elm St, Anytown, CA",jterry135@customer.com,555-413-2163
136,James,Jane,"456 Elm St, Anytown, CA",jjane136@customer.com,555-846-8345
137,James,Wayne,"456 Elm St, Anytown, CA",jwayne137@customer.com,555-353-9915
138,James,Amy,"456 Elm St, Anytown, CA",jamy138@customer.com,555-160-3892
139,James,Ralph,"456 Elm St, Anytown, CA",jralph139@customer.com,555-681-3743
140,James,Cynthia,"456 Elm St, Anytown, CA",jcynthia140@customer.com,555-183-9906
141,James,Smith,"789 Oak Ave, Metropolis, NY",jsmith141@customer.com,555-995-3189
142,James,Johnson,"789 Oak Ave, Metropolis, NY",jjohnson142@customer.com,555-683-8596
143,James,Williams,"789 Oak Ave, Metropolis, NY",jwilliams143@customer.com,555-301-7628
144,James,Brown,"789 Oak Ave, Metropolis, NY",jbrown144@customer.com,555-263-7178
145,James,Jones,"789 Oak Ave, Metropolis, NY",jjones145@customer.com,555-598-8745
146,James,Garcia,"789 Oak Ave, Metropolis, NY",jgarcia146@customer.com,555-100-8110
147,James,Miller,"789 Oak Ave, Metropolis, NY",jmiller147@customer.com,555-893-7928
148,James,Davis,"789 Oak Ave, Metropolis, NY",jdavis148@customer.com,555-569-7124
149,James,Rodriguez,"789 Oak Ave, Metropolis, NY",jrodriguez149@customer.com,555-945-0275
150,James,Martinez,"789 Oak Ave, Metropolis, NY",jmartinez150@customer.com,555-777-9703
151,James,Hernandez,"789 Oak Ave, Metropolis, NY",jhernandez151@customer.com,555-321-5886
152,James,Lopez,"789 Oak Ave, Metropolis, NY",jlopez152@customer.com,555-333-8010
153,James,Gonzalez,"789 Oak Ave, Metropolis, NY",jgonzalez153@customer.com,555-253-2533
154,James,Wilson,"789 Oak Ave, Metropolis, NY",jwilson154@customer.com,555-464-3443
155,James,Anderson,"789 Oak Ave, Metropolis, NY",janderson155@customer.com,555-000-4083
156,James,Thomas,"789 Oak Ave, Metropolis, NY",jthomas156@customer.com,555-298-8868
157,James,Taylor,"789 Oak Ave, Metropolis, NY",jtaylor157@customer.com,555-281-6235
158,James,Moore,"789 Oak Ave, Metropolis, NY",jmoore158@customer.com,555-727-4081
159,James,Jackson,"789 Oak Ave, Metropolis, NY",jjackson159@customer.com,555-643-3555
160,James,Martin,"789 Oak Ave, Metropolis, NY",jmartin160@customer.com,555-470-7968
161,James,Peter,"789 Oak Ave, Metropolis, NY",jpeter161@customer.com,555-650-0132
162,James,Victoria,"789 Oak Ave, Metropolis, NY",jvictoria162@customer.com,555-621-0144
163,James,Raymond,"789 Oak Ave, Metropolis, NY",jraymond163@customer.com,555-662-2216
164,James,Julia,"789 Oak Ave, Metropolis, NY",jjulia164@customer.com,555-971-6139
165,James,Scott,"789 Oak Ave, Metropolis, NY",jscott165@customer.com,555-647-2295
166,James,Grace,"789 Oak Ave, Metropolis, NY",jgrace166@customer.com,555-031-4712
167,James,Dennis,"789 Oak Ave, Metropolis, NY",jdennis167@customer.com,555-417-0519
168,James,Evelyn,"789 Oak Ave, Metropolis, NY",jevelyn168@customer.com,555-218-4436
169,James,Gregory,"789 Oak Ave, Metropolis, NY",jgregory169@customer.com,555-464-1444
170,James,Anna,"789 Oak Ave, Metropolis, NY",janna170@customer.com,555-754-5749
171,James,Walter,"789 Oak Ave, Metropolis, NY",jwalter171@customer.com,555-382-6101
172,James,Rose,"789 Oak Ave, Metropolis, NY",jrose172@customer.com,555-885-7218
173,James,Patrick,"789 Oak Ave, Metropolis, NY",jpatrick173@customer.com,555-759-7585
174,James,Judith,"789 Oak Ave, Metropolis, NY",jjudith174@customer.com,555-460-8635
175,James,Henry,"789 Oak Ave, Metropolis, NY",jhenry175@customer.com,555-281-7956
176,James,Christina,"789 Oak Ave, Metropolis, NY",jchristina176@customer.com,555-954-8014
177,James,Douglas,"789 Oak Ave, Metropolis, NY",jdouglas177@customer.com,555-013-9938
178,James,Maria,"789 Oak Ave, Metropolis, NY",jmaria178@customer.com,555-754-8049
179,James,Harold,"789 Oak Ave, Metropolis, NY",jharold179@customer.com,555-166-8169
180,James,Nicole,"789 Oak Ave, Metropolis, NY",jnicole180@customer.com,555-470-9939
181,James,Alexander,"789 Oak Ave, Metropolis, NY",jalexander181@customer.com,555-447-3027
182,James,Megan,"789 Oak Ave, Metropolis, NY",jmegan182@customer.com,555-781-4754
183,James,Samuel,"789 Oak Ave, Metropolis, NY",jsamuel183@customer.com,555-317-5941
184,James,Dorothy,"789 Oak Ave, Metropolis, NY",jdorothy184@customer.com,555-662-1153
185,James,Frank,"789 Oak Ave, Metropolis, NY",jfrank185@customer.com,555-566-8565
186,James,Sophia,"789 Oak Ave, Metropolis, NY",jsophia186@customer.com,555-279-4054
187,James,Lawrence,"789 Oak Ave, Metropolis, NY",jlawrence187@customer.com,555-115-4903
188,James,Alice,"789 Oak Ave, Metropolis, NY",jalice188@customer.com,555-953-5382
189,James,Arthur,"789 Oak Ave, Metropolis, NY",jarthur189@customer.com,555-134-1665
190,James,Ruth,"789 Oak Ave, Metropolis, NY",jruth190@customer.com,555-701-4946
191,James,Philip,"789 Oak Ave, Metropolis, NY",jphilip191@customer.com,555-269-7350
192,James,Diana,"789 Oak Ave, Metropolis, NY",jdiana192@customer.com,555-897-6077
193,James,Roger,"789 Oak Ave, Metropolis, NY",jroger193@customer.com,555-559-9729
194,James,Natalie,"789 Oak Ave, Metropolis, NY",jnatalie194@customer.com,555-593-9086
195,James,Benjamin,"789 Oak Ave, Metropolis, NY",jbenjamin195@customer.com,555-904-7714
196,James,Virginia,"789 Oak Ave, Metropolis, NY",jvirginia196@customer.com,555-569-5310
197,James,Bruce,"789 Oak Ave, Metropolis, NY",jbruce197@customer.com,555-321-2212
198,James,Madison,"789 Oak Ave, Metropolis, NY",jmadison198@customer.com,555-863-3645
199,James,Adam,"789 Oak Ave, Metropolis, NY",jadam199@customer.com,555-304-9528
200,James,Abigail,"789 Oak Ave, Metropolis, NY",jabigail200@customer.com,555-218-2939
201,James,Gerald,"789 Oak Ave, Metropolis, NY",jgerald201@customer.com,555-995-3866
202,James,Lauren,"789 Oak Ave, Metropolis, NY",jlauren202@customer.com,555-823-9577
203,James,Keith,"789 Oak Ave, Metropolis, NY",jkeith203@customer.com,555-050-9791
204,James,Isabella,"789 Oak Ave, Metropolis, NY",jisabella204@customer.com,555-941-6642
205,James,Terry,"789 Oak Ave, Metropolis, NY",jterry205@customer.com,555-352-2121
206,James,Jane,"789 Oak Ave, Metropolis, NY",jjane206@customer.com,555-267-7458
207,James,Wayne,"789 Oak Ave, Metropolis, NY",jwayne207@customer.com,555-192-1725
208,James,Amy,"789 Oak Ave, Metropolis, NY",jamy208@customer.com,555-787-8986
209,James,Ralph,"789 Oak Ave, Metropolis, NY",jralph209@customer.com,555-464-2859
210,James,Cynthia,"789 Oak Ave, Metropolis, NY",jcynthia210@customer.com,555-588-9140
211,James,Smith,"101 Maple Dr, Smallville, KS",jsmith211@customer.com,555-843-3776
212,James,Johnson,"101 Maple Dr, Smallville, KS",jjohnson212@customer.com,555-609-2126
213,James,Williams,"101 Maple Dr, Smallville, KS",jwilliams213@customer.com,555-573-0552
214,James,Brown,"101 Maple Dr, Smallville, KS",jbrown214@customer.com,555-599-3043
215,James,Jones,"101 Maple Dr, Smallville, KS",jjones215@customer.com,555-984-1538
216,James,Garcia,"101 Maple Dr, Smallville, KS",jgarcia216@customer.com,555-105-3410
217,James,Miller,"101 Maple Dr, Smallville, KS",jmiller217@customer.com,555-743-6304
218,James,Davis,"101 Maple Dr, Smallville, KS",jdavis218@customer.com,555-705-6880
219,James,Rodriguez,"101 Maple Dr, Smallville, KS",jrodriguez219@customer.com,555-550-8171
220,James,Martinez,"101 Maple Dr, Smallville, KS",jmartinez220@customer.com,555-837-3092
221,James,Hernandez,"101 Maple Dr, Smallville, KS",jhernandez221@customer.com,555-157-4477
222,James,Lopez,"101 Maple Dr, Smallville, KS",jlopez222@customer.com,555-598-8083
223,James,Gonzalez,"101 Maple Dr, Smallville, KS",jgonzalez223@customer.com,555-589-0115
224,James,Wilson,"101 Maple Dr, Smallville, KS",jwilson224@customer.com,555-556-2507
225,James,Anderson,"101 Maple Dr, Smallville, KS",janderson225@customer.com,555-991-5088
226,James,Thomas,"101 Maple Dr, Smallville, KS",jthomas226@customer.com,555-887-3650
227,James,Taylor,"101 Maple Dr, Smallville, KS",jtaylor227@customer.com,555-594-2967
228,James,Moore,"101 Maple Dr, Smallville, KS",jmoore228@customer.com,555-018-7226
229,James,Jackson,"101 Maple Dr, Smallville, KS",jjackson229@customer.com,555-274-2080
230,James,Martin,"101 Maple Dr, Smallville, KS",jmartin230@customer.com,555-609-1249
231,James,Peter,"101 Maple Dr, Smallville, KS",jpeter231@customer.com,555-359-8371
232,James,Victoria,"101 Maple Dr, Smallville, KS",jvictoria232@customer.com,555-303-3246
233,James,Raymond,"101 Maple Dr, Smallville, KS",jraymond233@customer.com,555-032-0580
234,James,Julia,"101 Maple Dr, Smallville, KS",jjulia234@customer.com,555-707-4155
235,James,Scott,"101 Maple Dr, Smallville, KS",jscott235@customer.com,555-227-3419
236,James,Grace,"101 Maple Dr, Smallville, KS",jgrace236@customer.com,555-997-7530
237,James,Dennis,"101 Maple Dr, Smallville, KS",jdennis237@customer.com,555-254-7906
238,James,Evelyn,"101 Maple Dr, Smallville, KS",jevelyn238@customer.com,555-567-8434
239,James,Gregory,"101 Maple Dr, Smallville, KS",jgregory239@customer.com,555-422-5497
240,James,Anna,"101 Maple Dr, Smallville, KS",janna240@customer.com,555-756-6417
241,James,Walter,"101 Maple Dr, Smallville, KS",jwalter241@customer.com,555-979-7757
242,James,Rose,"101 Maple Dr, Smallville, KS",jrose242@customer.com,555-842-8210
243,James,Patrick,"101 Maple Dr, Smallville, KS",jpatrick243@customer.com,555-276-8901
244,James,Judith,"101 Maple Dr, Smallville, KS",jjudith244@customer.com,555-171-7213
245,James,Henry,"101 Maple Dr, Smallville, KS",jhenry245@customer.com,555-229-1755
246,James,Christina,"101 Maple Dr, Smallville, KS",jchristina246@customer.com,555-407-1804
247,James,Douglas,"101 Maple Dr, Smallville, KS",jdouglas247@customer.com,555-387-2591
248,James,Maria,"101 Maple Dr, Smallville, KS",jmaria248@customer.com,555-751-8299
249,James,Harold,"101 Maple Dr, Smallville, KS",jharold249@customer.com,555-888-7864
250,James,Nicole,"101 Maple Dr, Smallville, KS",jnicole250@customer.com,555-118-2397
251,James,Alexander,"101 Maple Dr, Smallville, KS",jalexander251@customer.com,555-318-5686
252,James,Megan,"101 Maple Dr, Smallville, KS",jmegan252@customer.com,555-566-7217
253,James,Samuel,"101 Maple Dr, Smallville, KS",jsamuel253@customer.com,555-294-7638
254,James,Dorothy,"101 Maple Dr, Smallville, KS",jdorothy254@customer.com,555-502-0246
255,James,Frank,"101 Maple Dr, Smallville, KS",jfrank255@customer.com,555-412-1325
256,James,Sophia,"101 Maple Dr, Smallville, KS",jsophia256@customer.com,555-312-2601
257,James,Lawrence,"101 Maple Dr, Smallville, KS",jlawrence257@customer.com,555-773-4242
258,James,Alice,"101 Maple Dr, Smallville, KS",jalice258@customer.com,555-045-3011
259,James,Arthur,"101 Maple Dr, Smallville, KS",jarthur259@customer.com,555-221-5934
260,James,Ruth,"101 Maple Dr, Smallville, KS",jruth260@customer.com,555-499-8296
261,James,Philip,"101 Maple Dr, Smallville, KS",jphilip261@customer.com,555-382-8546
262,James,Diana,"101 Maple Dr, Smallville, KS",jdiana262@customer.com,555-769-9460
263,James,Roger,"101 Maple Dr, Smallville, KS",jroger263@customer.com,555-944-1595
264,James,Natalie,"101 Maple Dr, Smallville, KS",jnatalie264@customer.com,555-045-9821
265,James,Benjamin,"101 Maple Dr, Smallville, KS",jbenjamin265@customer.com,555-590-6935
266,James,Virginia,"101 Maple Dr, Smallville, KS",jvirginia266@customer.com,555-267-2881
267,James,Bruce,"101 Maple Dr, Smallville, KS",jbruce267@customer.com,555-309-4099
268,James,Madison,"101 Maple Dr, Smallville, KS",jmadison268@customer.com,555-420-0454
269,James,Adam,"101 Maple Dr, Smallville, KS",jadam269@customer.com,555-368-7747
270,James,Abigail,"101 Maple Dr, Smallville, KS",jabigail270@customer.com,555-629-4515
271,James,Gerald,"101 Maple Dr, Smallville, KS",jgerald271@customer.com,555-944-8747
272,James,Lauren,"101 Maple Dr, Smallville, KS",jlauren272@customer.com,555-191-8502
273,James,Keith,"101 Maple Dr, Smallville, KS",jkeith273@customer.com,555-997-4159
274,James,Isabella,"101 Maple Dr, Smallville, KS",jisabella274@customer.com,555-666-1405
275,James,Terry,"101 Maple Dr, Smallville, KS",jterry275@customer.com,555-940-5650
276,James,Jane,"101 Maple Dr, Smallville, KS",jjane276@customer.com,555-218-0917
277,James,Wayne,"101 Maple Dr, Smallville, KS",jwayne277@customer.com,555-229-6431
278,James,Amy,"101 Maple Dr, Smallville, KS",jamy278@customer.com,555-198-3270
279,James,Ralph,"101 Maple Dr, Smallville, KS",jralph279@customer.com,555-381-9619
280,James,Cynthia,"101 Maple Dr, Smallville, KS",jcynthia280@customer.com,555-077-8567
281,James,Smith,"202 Pine Ln, Gotham, NJ",jsmith281@customer.com,555-329-4349
282,James,Johnson,"202 Pine Ln, Gotham, NJ",jjohnson282@customer.com,555-668-1031
283,James,Williams,"202 Pine Ln, Gotham, NJ",jwilliams283@customer.com,555-563-0368
284,James,Brown,"202 Pine Ln, Gotham, NJ",jbrown284@customer.com,555-272-4566
285,James,Jones,"202 Pine Ln, Gotham, NJ",jjones285@customer.com,555-664-2584
286,James,Garcia,"202 Pine Ln, Gotham, NJ",jgarcia286@customer.com,555-650-0813
287,James,Miller,"202 Pine Ln, Gotham, NJ",jmiller287@customer.com,555-822-1691
288,James,Davis,"202 Pine Ln, Gotham, NJ",jdavis288@customer.com,555-700-3962
289,James,Rodriguez,"202 Pine Ln, Gotham, NJ",jrodriguez289@customer.com,555-271-8133
290,James,Martinez,"202 Pine Ln, Gotham, NJ",jmartinez290@customer.com,555-279-9478
291,James,Hernandez,"202 Pine Ln, Gotham, NJ",jhernandez291@customer.com,555-485-0144
292,James,Lopez,"202 Pine Ln, Gotham, NJ",jlopez292@customer.com,555-633-0733
293,James,Gonzalez,"202 Pine Ln, Gotham, NJ",jgonzalez293@customer.com,555-076-5426
294,James,Wilson,"202 Pine Ln, Gotham, NJ",jwilson294@customer.com,555-027-2513
295,James,Anderson,"202 Pine Ln, Gotham, NJ",janderson295@customer.com,555-171-1717
296,James,Thomas,"202 Pine Ln, Gotham, NJ",jthomas296@customer.com,555-222-1572
297,James,Taylor,"202 Pine Ln, Gotham, NJ",jtaylor297@customer.com,555-554-7853
298,James,Moore,"202 Pine Ln, Gotham, NJ",jmoore298@customer.com,555-856-8354
299,James,Jackson,"202 Pine Ln, Gotham, NJ",jjackson299@customer.com,555-902-7531
300,James,Martin,"202 Pine Ln, Gotham, NJ",jmartin300@customer.com,555-832-7315
301,James,Peter,"202 Pine Ln, Gotham, NJ",jpeter301@customer.com,555-305-1979
302,James,Victoria,"202 Pine Ln, Gotham, NJ",jvictoria302@customer.com,555-740-0194
303,James,Raymond,"202 Pine Ln, Gotham, NJ",jraymond303@customer.com,555-906-0161
304,James,Julia,"202 Pine Ln, Gotham, NJ",jjulia304@customer.com,555-078-7092
305,James,Scott,"202 Pine Ln, Gotham, NJ",jscott305@customer.com,555-446-3614
306,James,Grace,"202 Pine Ln, Gotham, NJ",jgrace306@customer.com,555-861-3288
307,James,Dennis,"202 Pine Ln, Gotham, NJ",jdennis307@customer.com,555-754-0680
308,James,Evelyn,"202 Pine Ln, Gotham, NJ",jevelyn308@customer.com,555-409-1089
309,James,Gregory,"202 Pine Ln, Gotham, NJ",jgregory309@customer.com,555-379-5868
310,James,Anna,"202 Pine Ln, Gotham, NJ",janna310@customer.com,555-525-4386
311,James,Walter,"202 Pine Ln, Gotham, NJ",jwalter311@customer.com,555-220-4826
312,James,Rose,"202 Pine Ln, Gotham, NJ",jrose312@customer.com,555-289-9911
313,James,Patrick,"202 Pine Ln, Gotham, NJ",jpatrick313@customer.com,555-180-0724
314,James,Judith,"202 Pine Ln, Gotham, NJ",jjudith314@customer.com,555-049-1979
315,James,Henry,"202 Pine Ln, Gotham, NJ",jhenry315@customer.com,555-511-0515
316,James,Christina,"202 Pine Ln, Gotham, NJ",jchristina316@customer.com,555-615-2549
317,James,Douglas,"202 Pine Ln, Gotham, NJ",jdouglas317@customer.com,555-103-4246
318,James,Maria,"202 Pine Ln, Gotham, NJ",jmaria318@customer.com,555-575-9712
319,James,Harold,"202 Pine Ln, Gotham, NJ",jharold319@customer.com,555-324-8402
320,James,Nicole,"202 Pine Ln, Gotham, NJ",jnicole320@customer.com,555-003-2552
321,James,Alexander,"202 Pine Ln, Gotham, NJ",jalexander321@customer.com,555-160-2463
322,James,Megan,"202 Pine Ln, Gotham, NJ",jmegan322@customer.com,555-864-0838
323,James,Samuel,"202 Pine Ln, Gotham, NJ",jsamuel323@customer.com,555-335-0193
324,James,Dorothy,"202 Pine Ln, Gotham, NJ",jdorothy324@customer.com,555-042-5830
325,James,Frank,"202 Pine Ln, Gotham, NJ",jfrank325@customer.com,555-809-5659
326,James,Sophia,"202 Pine Ln, Gotham, NJ",jsophia326@customer.com,555-100-0181
327,James,Lawrence,"202 Pine Ln, Gotham, NJ",jlawrence327@customer.com,555-939-5390
328,James,Alice,"202 Pine Ln, Gotham, NJ",jalice328@customer.com,555-301-3779
329,James,Arthur,"202 Pine Ln, Gotham, NJ",jarthur329@customer.com,555-653-8474
330,James,Ruth,"202 Pine Ln, Gotham, NJ",jruth330@customer.com,555-622-5971
331,James,Philip,"202 Pine Ln, Gotham, NJ",jphilip331@customer.com,555-987-3642
332,James,Diana,"202 Pine Ln, Gotham, NJ",jdiana332@customer.com,555-110-0348
333,James,Roger,"202 Pine Ln, Gotham, NJ",jroger333@customer.com,555-356-0548
334,James,Natalie,"202 Pine Ln, Gotham, NJ",jnatalie334@customer.com,555-562-1483
335,James,Benjamin,"202 Pine Ln, Gotham, NJ",jbenjamin335@customer.com,555-842-4763
336,James,Virginia,"202 Pine Ln, Gotham, NJ",jvirginia336@customer.com,555-500-3171
337,James,Bruce,"202 Pine Ln, Gotham, NJ",jbruce337@customer.com,555-206-5179
338,James,Madison,"202 Pine Ln, Gotham, NJ",jmadison338@customer.com,555-667-3392
339,James,Adam,"202 Pine Ln, Gotham, NJ",jadam339@customer.com,555-342-4752
340,James,Abigail,"202 Pine Ln, Gotham, NJ",jabigail340@customer.com,555-979-3704
341,James,Gerald,"202 Pine Ln, Gotham, NJ",jgerald341@customer.com,555-949-0169
342,James,Lauren,"202 Pine Ln, Gotham, NJ",jlauren342@customer.com,555-045-8679
343,James,Keith,"202 Pine Ln, Gotham, NJ",jkeith343@customer.com,555-156-1775
344,James,Isabella,"202 Pine Ln, Gotham, NJ",jisabella344@customer.com,555-103-4013
345,James,Terry,"202 Pine Ln, Gotham, NJ",jterry345@customer.com,555-435-2665
346,James,Jane,"202 Pine Ln, Gotham, NJ",jjane346@customer.com,555-085-1895
347,James,Wayne,"202 Pine Ln, Gotham, NJ",jwayne347@customer.com,555-386-3529
348,James,Amy,"202 Pine Ln, Gotham, NJ",jamy348@customer.com,555-407-1421
349,James,Ralph,"202 Pine Ln, Gotham, NJ",jralph349@customer.com,555-221-9211
350,James,Cynthia,"202 Pine Ln, Gotham, NJ",jcynthia350@customer.com,555-896-0207
351,James,Smith,"303 Cedar Rd, Star City, WA",jsmith351@customer.com,555-764-6493
352,James,Johnson,"303 Cedar Rd, Star City, WA",jjohnson352@customer.com,555-897-7248
353,James,Williams,"303 Cedar Rd, Star City, WA",jwilliams353@customer.com,555-239-3202
354,James,Brown,"303 Cedar Rd, Star City, WA",jbrown354@customer.com,555-012-8825
355,James,Jones,"303 Cedar Rd, Star City, WA",jjones355@customer.com,555-918-5219
356,James,Garcia,"303 Cedar Rd, Star City, WA",jgarcia356@customer.com,555-131-1501
357,James,Miller,"303 Cedar Rd, Star City, WA",jmiller357@customer.com,555-980-1820
358,James,Davis,"303 Cedar Rd, Star City, WA",jdavis358@customer.com,555-809-4917
359,James,Rodriguez,"303 Cedar Rd, Star City, WA",jrodriguez359@customer.com,555-685-7303
360,James,Martinez,"303 Cedar Rd, Star City, WA",jmartinez360@customer.com,555-014-1553
361,James,Hernandez,"303 Cedar Rd, Star City, WA",jhernandez361@customer.com,555-451-8906
362,James,Lopez,"303 Cedar Rd, Star City, WA",jlopez362@customer.com,555-524-0335
363,James,Gonzalez,"303 Cedar Rd, Star City, WA",jgonzalez363@customer.com,555-708-3867
364,James,Wilson,"303 Cedar Rd, Star City, WA",jwilson364@customer.com,555-210-5056
365,James,Anderson,"303 Cedar Rd, Star City, WA",janderson365@customer.com,555-319-1478
366,James,Thomas,"303 Cedar Rd, Star City, WA",jthomas366@customer.com,555-208-8114
367,James,Taylor,"303 Cedar Rd, Star City, WA",jtaylor367@customer.com,555-782-4571
368,James,Moore,"303 Cedar Rd, Star City, WA",jmoore368@customer.com,555-464-4102
369,James,Jackson,"303 Cedar Rd, Star City, WA",jjackson369@customer.com,555-678-9925
370,James,Martin,"303 Cedar Rd, Star City, WA",jmartin370@customer.com,555-487-0643
371,James,Peter,"303 Cedar Rd, Star City, WA",jpeter371@customer.com,555-022-8591
372,James,Victoria,"303 Cedar Rd, Star City, WA",jvictoria372@customer.com,555-861-3835
373,James,Raymond,"303 Cedar Rd, Star City, WA",jraymond373@customer.com,555-855-1860
374,James,Julia,"303 Cedar Rd, Star City, WA",jjulia374@customer.com,555-809-5865
375,James,Scott,"303 Cedar Rd, Star City, WA",jscott375@customer.com,555-666-7651
376,James,Grace,"303 Cedar Rd, Star City, WA",jgrace376@customer.com,555-497-4096
377,James,Dennis,"303 Cedar Rd, Star City, WA",jdennis377@customer.com,555-577-7796
378,James,Evelyn,"303 Cedar Rd, Star City, WA",jevelyn378@customer.com,555-130-4162
379,James,Gregory,"303 Cedar Rd, Star City, WA",jgregory379@customer.com,555-988-1504
380,James,Anna,"303 Cedar Rd, Star City, WA",janna380@customer.com,555-557-8756
381,James,Walter,"303 Cedar Rd, Star City, WA",jwalter381@customer.com,555-196-2774
382,James,Rose,"303 Cedar Rd, Star City, WA",jrose382@customer.com,555-261-0683
383,James,Patrick,"303 Cedar Rd, Star City, WA",jpatrick383@customer.com,555-947-5900
384,James,Judith,"303 Cedar Rd, Star City, WA",jjudith384@customer.com,555-652-4209
385,James,Henry,"303 Cedar Rd, Star City, WA",jhenry385@customer.com,555-599-2627
386,James,Christina,"303 Cedar Rd, Star City, WA",jchristina386@customer.com,555-690-2538
387,James,Douglas,"303 Cedar Rd, Star City, WA",jdouglas387@customer.com,555-468-8781
388,James,Maria,"303 Cedar Rd, Star City, WA",jmaria388@customer.com,555-156-1868
389,James,Harold,"303 Cedar Rd, Star City, WA",jharold389@customer.com,555-214-0344
390,James,Nicole,"303 Cedar Rd, Star City, WA",jnicole390@customer.com,555-423-0954
391,James,Alexander,"303 Cedar Rd, Star City, WA",jalexander391@customer.com,555-345-2029
392,James,Megan,"303 Cedar Rd, Star City, WA",jmegan392@customer.com,555-203-8427
393,James,Samuel,"303 Cedar Rd, Star City, WA",jsamuel393@customer.com,555-292-6484
394,James,Dorothy,"303 Cedar Rd, Star City, WA",jdorothy394@customer.com,555-868-7213
395,James,Frank,"303 Cedar Rd, Star City, WA",jfrank395@customer.com,555-385-3766
396,James,Sophia,"303 Cedar Rd, Star City, WA",jsophia396@customer.com,555-807-8935
397,James,Lawrence,"303 Cedar Rd, Star City, WA",jlawrence397@customer.com,555-063-0679
398,James,Alice,"303 Cedar Rd, Star City, WA",jalice398@customer.com,555-309-6382
399,James,Arthur,"303 Cedar Rd, Star City, WA",jarthur399@customer.com,555-640-1055
400,James,Ruth,"303 Cedar Rd, Star City, WA",jruth400@customer.com,555-214-3328
401,James,Philip,"303 Cedar Rd, Star City, WA",jphilip401@customer.com,555-634-6959
402,James,Diana,"303 Cedar Rd, Star City, WA",jdiana402@customer.com,555-152-5539
403,James,Roger,"303 Cedar Rd, Star City, WA",jroger403@customer.com,555-943-5319
404,James,Natalie,"303 Cedar Rd, Star City, WA",jnatalie404@customer.com,555-953-8447
405,James,Benjamin,"303 Cedar Rd, Star City, WA",jbenjamin405@customer.com,555-647-7821
406,James,Virginia,"303 Cedar Rd, Star City, WA",jvirginia406@customer.com,555-231-8015
407,James,Bruce,"303 Cedar Rd, Star City, WA",jbruce407@customer.com,555-583-9072
408,James,Madison,"303 Cedar Rd, Star City, WA",jmadison408@customer.com,555-617-3993
409,James,Adam,"303 Cedar Rd, Star City, WA",jadam409@customer.com,555-509-3149
410,James,Abigail,"303 Cedar Rd, Star City, WA",jabigail410@customer.com,555-282-0620
411,James,Gerald,"303 Cedar Rd, Star City, WA",jgerald411@customer.com,555-947-8721
412,James,Lauren,"303 Cedar Rd, Star City, WA",jlauren412@customer.com,555-876-4768
413,James,Keith,"303 Cedar Rd, Star City, WA",jkeith413@customer.com,555-862-2111
414,James,Isabella,"303 Cedar Rd, Star City, WA",jisabella414@customer.com,555-265-5177
415,James,Terry,"303 Cedar Rd, Star City, WA",jterry415@customer.com,555-135-7577
416,James,Jane,"303 Cedar Rd, Star City, WA",jjane416@customer.com,555-041-4923
417,James,Wayne,"303 Cedar Rd, Star City, WA",jwayne417@customer.com,555-781-4375
418,James,Amy,"303 Cedar Rd, Star City, WA",jamy418@customer.com,555-096-7379
419,James,Ralph,"303 Cedar Rd, Star City, WA",jralph419@customer.com,555-541-3716
420,James,Cynthia,"303 Cedar Rd, Star City, WA",jcynthia420@customer.com,555-142-4467
421,James,Smith,"404 Birch Blvd, Central City, CO",jsmith421@customer.com,555-684-4735
422,James,Johnson,"404 Birch Blvd, Central City, CO",jjohnson422@customer.com,555-681-0020
423,James,Williams,"404 Birch Blvd, Central City, CO",jwilliams423@customer.com,555-208-1881
424,James,Brown,"404 Birch Blvd, Central City, CO",jbrown424@customer.com,555-511-7532
425,James,Jones,"404 Birch Blvd, Central City, CO",jjones425@customer.com,555-130-9583
426,James,Garcia,"404 Birch Blvd, Central City, CO",jgarcia426@customer.com,555-654-7695
427,James,Miller,"404 Birch Blvd, Central City, CO",jmiller427@customer.com,555-911-0759
428,James,Davis,"404 Birch Blvd, Central City, CO",jdavis428@customer.com,555-154-0992
429,James,Rodriguez,"404 Birch Blvd, Central City, CO",jrodriguez429@customer.com,555-884-6937
430,James,Martinez,"404 Birch Blvd, Central City, CO",jmartinez430@customer.com,555-495-8877
431,James,Hernandez,"404 Birch Blvd, Central City, CO",jhernandez431@customer.com,555-757-3501
432,James,Lopez,"404 Birch Blvd, Central City, CO",jlopez432@customer.com,555-566-8719
433,James,Gonzalez,"404 Birch Blvd, Central City, CO",jgonzalez433@customer.com,555-172-1597
434,James,Wilson,"404 Birch Blvd, Central City, CO",jwilson434@customer.com,555-530-2026
435,James,Anderson,"404 Birch Blvd, Central City, CO",janderson435@customer.com,555-083-8010
436,James,Thomas,"404 Birch Blvd, Central City, CO",jthomas436@customer.com,555-120-6207
437,James,Taylor,"404 Birch Blvd, Central City, CO",jtaylor437@customer.com,555-302-1236
438,James,Moore,"404 Birch Blvd, Central City, CO",jmoore438@customer.com,555-621-0955
439,James,Jackson,"404 Birch Blvd, Central City, CO",jjackson439@customer.com,555-003-3956
440,James,Martin,"404 Birch Blvd, Central City, CO",jmartin440@customer.com,555-059-9169
441,James,Peter,"404 Birch Blvd, Central City, CO",jpeter441@customer.com,555-667-7675
442,James,Victoria,"404 Birch Blvd, Central City, CO",jvictoria442@customer.com,555-352-8109
443,James,Raymond,"404 Birch Blvd, Central City, CO",jraymond443@customer.com,555-775-2396
444,James,Julia,"404 Birch Blvd, Central City, CO",jjulia444@customer.com,555-793-6196
445,James,Scott,"404 Birch Blvd, Central City, CO",jscott445@customer.com,555-743-0456
446,James,Grace,"404 Birch Blvd, Central City, CO",jgrace446@customer.com,555-027-6975
447,James,Dennis,"404 Birch Blvd, Central City, CO",jdennis447@customer.com,555-445-9796
448,James,Evelyn,"404 Birch Blvd, Central City, CO",jevelyn448@customer.com,555-253-3693
449,James,Gregory,"404 Birch Blvd, Central City, CO",jgregory449@customer.com,555-493-6912
450,James,Anna,"404 Birch Blvd, Central City, CO",janna450@customer.com,555-466-1153
451,James,Walter,"404 Birch Blvd, Central City, CO",jwalter451@customer.com,555-108-7851
452,James,Rose,"404 Birch Blvd, Central City, CO",jrose452@customer.com,555-692-7235
453,James,Patrick,"404 Birch Blvd, Central City, CO",jpatrick453@customer.com,555-724-9380
454,James,Judith,"404 Birch Blvd, Central City, CO",jjudith454@customer.com,555-410-9036
455,James,Henry,"404 Birch Blvd, Central City, CO",jhenry455@customer.com,555-676-0494
456,James,Christina,"404 Birch Blvd, Central City, CO",jchristina456@customer.com,555-912-8605
457,James,Douglas,"404 Birch Blvd, Central City, CO",jdouglas457@customer.com,555-711-2561
458,James,Maria,"404 Birch Blvd, Central City, CO",jmaria458@customer.com,555-614-9406
459,James,Harold,"404 Birch Blvd, Central City, CO",jharold459@customer.com,555-349-0564
460,James,Nicole,"404 Birch Blvd, Central City, CO",jnicole460@customer.com,555-186-2750
461,James,Alexander,"404 Birch Blvd, Central City, CO",jalexander461@customer.com,555-578-8199
462,James,Megan,"404 Birch Blvd, Central City, CO",jmegan462@customer.com,555-896-2105
463,James,Samuel,"404 Birch Blvd, Central City, CO",jsamuel463@customer.com,555-369-4122
464,James,Dorothy,"404 Birch Blvd, Central City, CO",jdorothy464@customer.com,555-786-5003
465,James,Frank,"404 Birch Blvd, Central City, CO",jfrank465@customer.com,555-910-4458
466,James,Sophia,"404 Birch Blvd, Central City, CO",jsophia466@customer.com,555-515-4545
467,James,Lawrence,"404 Birch Blvd, Central City, CO",jlawrence467@customer.com,555-557-3553
468,James,Alice,"404 Birch Blvd, Central City, CO",jalice468@customer.com,555-575-4487
469,James,Arthur,"404 Birch Blvd, Central City, CO",jarthur469@customer.com,555-528-7471
470,James,Ruth,"404 Birch Blvd, Central City, CO",jruth470@customer.com,555-214-6295
471,James,Philip,"404 Birch Blvd, Central City, CO",jphilip471@customer.com,555-748-8072
472,James,Diana,"404 Birch Blvd, Central City, CO",jdiana472@customer.com,555-573-3619
473,James,Roger,"404 Birch Blvd, Central City, CO",jroger473@customer.com,555-630-1661
474,James,Natalie,"404 Birch Blvd, Central City, CO",jnatalie474@customer.com,555-036-9853
475,James,Benjamin,"404 Birch Blvd, Central City, CO",jbenjamin475@customer.com,555-830-9057
476,James,Virginia,"404 Birch Blvd, Central City, CO",jvirginia476@customer.com,555-569-9841
477,James,Bruce,"404 Birch Blvd, Central City, CO",jbruce477@customer.com,555-182-3667
478,James,Madison,"404 Birch Blvd, Central City, CO",jmadison478@customer.com,555-347-5875
479,James,Adam,"404 Birch Blvd, Central City, CO",jadam479@customer.com,555-831-5217
480,James,Abigail,"404 Birch Blvd, Central City, CO",jabigail480@customer.com,555-724-6826
481,James,Gerald,"404 Birch Blvd, Central City, CO",jgerald481@customer.com,555-142-1845
482,James,Lauren,"404 Birch Blvd, Central City, CO",jlauren482@customer.com,555-107-4092
483,James,Keith,"404 Birch Blvd, Central City, CO",jkeith483@customer.com,555-366-4369
484,James,Isabella,"404 Birch Blvd, Central City, CO",jisabella484@customer.com,555-593-6715
485,James,Terry,"404 Birch Blvd, Central City, CO",jterry485@customer.com,555-730-5365
486,James,Jane,"404 Birch Blvd, Central City, CO",jjane486@customer.com,555-375-5865
487,James,Wayne,"404 Birch Blvd, Central City, CO",jwayne487@customer.com,555-750-9789
488,James,Amy,"404 Birch Blvd, Central City, CO",jamy488@customer.com,555-499-6764
489,James,Ralph,"404 Birch Blvd, Central City, CO",jralph489@customer.com,555-572-4338
490,James,Cynthia,"404 Birch Blvd, Central City, CO",jcynthia490@customer.com,555-283-4658
491,James,Smith,"505 Walnut St, Coast City, OR",jsmith491@customer.com,555-966-1936
492,James,Johnson,"505 Walnut St, Coast City, OR",jjohnson492@customer.com,555-202-4627
493,James,Williams,"505 Walnut St, Coast City, OR",jwilliams493@customer.com,555-987-2606
494,James,Brown,"505 Walnut St, Coast City, OR",jbrown494@customer.com,555-320-2528
495,James,Jones,"505 Walnut St, Coast City, OR",jjones495@customer.com,555-509-6105
496,James,Garcia,"505 Walnut St, Coast City, OR",jgarcia496@customer.com,555-519-5342
497,James,Miller,"505 Walnut St, Coast City, OR",jmiller497@customer.com,555-415-0953
498,James,Davis,"505 Walnut St, Coast City, OR",jdavis498@customer.com,555-411-8690
499,James,Rodriguez,"505 Walnut St, Coast City, OR",jrodriguez499@customer.com,555-951-7329
500,James,Martinez,"505 Walnut St, Coast City, OR",jmartinez500@customer.com,555-803-5551
501,James,Hernandez,"505 Walnut St, Coast City, OR",jhernandez501@customer.com,555-678-9065
502,James,Lopez,"505 Walnut St, Coast City, OR",jlopez502@customer.com,555-247-2685
503,James,Gonzalez,"505 Walnut St, Coast City, OR",jgonzalez503@customer.com,555-270-9766
504,James,Wilson,"505 Walnut St, Coast City, OR",jwilson504@customer.com,555-114-9503
505,James,Anderson,"505 Walnut St, Coast City, OR",janderson505@customer.com,555-302-0299
506,James,Thomas,"505 Walnut St, Coast City, OR",jthomas506@customer.com,555-756-7692
507,James,Taylor,"505 Walnut St, Coast City, OR",jtaylor507@customer.com,555-403-0779
508,James,Moore,"505 Walnut St, Coast City, OR",jmoore508@customer.com,555-887-7117
509,James,Jackson,"505 Walnut St, Coast City, OR",jjackson509@customer.com,555-291-4677
510,James,Martin,"505 Walnut St, Coast City, OR",jmartin510@customer.com,555-253-5644
511,James,Peter,"505 Walnut St, Coast City, OR",jpeter511@customer.com,555-120-0399
512,James,Victoria,"505 Walnut St, Coast City, OR",jvictoria512@customer.com,555-213-3941
513,James,Raymond,"505 Walnut St, Coast City, OR",jraymond513@customer.com,555-095-6607
514,James,Julia,"505 Walnut St, Coast City, OR",jjulia514@customer.com,555-906-6206
515,James,Scott,"505 Walnut St, Coast City, OR",jscott515@customer.com,555-170-6573
516,James,Grace,"505 Walnut St, Coast City, OR",jgrace516@customer.com,555-416-0617
517,James,Dennis,"505 Walnut St, Coast City, OR",jdennis517@customer.com,555-445-6524
518,James,Evelyn,"505 Walnut St, Coast City, OR",jevelyn518@customer.com,555-771-9802
519,James,Gregory,"505 Walnut St, Coast City, OR",jgregory519@customer.com,555-452-8024
520,James,Anna,"505 Walnut St, Coast City, OR",janna520@customer.com,555-116-6299
521,James,Walter,"505 Walnut St, Coast City, OR",jwalter521@customer.com,555-847-5080
522,James,Rose,"505 Walnut St, Coast City, OR",jrose522@customer.com,555-412-2881
523,James,Patrick,"505 Walnut St, Coast City, OR",jpatrick523@customer.com,555-547-1564
524,James,Judith,"505 Walnut St, Coast City, OR",jjudith524@customer.com,555-319-2522
525,James,Henry,"505 Walnut St, Coast City, OR",jhenry525@customer.com,555-090-2477
526,James,Christina,"505 Walnut St, Coast City, OR",jchristina526@customer.com,555-572-7045
527,James,Douglas,"505 Walnut St, Coast City, OR",jdouglas527@customer.com,555-883-8528
528,James,Maria,"505 Walnut St, Coast City, OR",jmaria528@customer.com,555-900-1117
529,James,Harold,"505 Walnut St, Coast City, OR",jharold529@customer.com,555-975-8424
530,James,Nicole,"505 Walnut St, Coast City, OR",jnicole530@customer.com,555-488-2122
531,James,Alexander,"505 Walnut St, Coast City, OR",jalexander531@customer.com,555-590-0996
532,James,Megan,"505 Walnut St, Coast City, OR",jmegan532@customer.com,555-978-2929
533,James,Samuel,"505 Walnut St, Coast City, OR",jsamuel533@customer.com,555-693-9304
534,James,Dorothy,"505 Walnut St, Coast City, OR",jdorothy534@customer.com,555-476-0925
535,James,Frank,"505 Walnut St, Coast City, OR",jfrank535@customer.com,555-317-7117
536,James,Sophia,"505 Walnut St, Coast City, OR",jsophia536@customer.com,555-992-8945
537,James,Lawrence,"505 Walnut St, Coast City, OR",jlawrence537@customer.com,555-421-0577
538,James,Alice,"505 Walnut St, Coast City, OR",jalice538@customer.com,555-444-3301
539,James,Arthur,"505 Walnut St, Coast City, OR",jarthur539@customer.com,555-561-1816
540,James,Ruth,"505 Walnut St, Coast City, OR",jruth540@customer.com,555-320-0555
541,James,Philip,"505 Walnut St, Coast City, OR",jphilip541@customer.com,555-027-5626
542,James,Diana,"505 Walnut St, Coast City, OR",jdiana542@customer.com,555-737-3053
543,James,Roger,"505 Walnut St, Coast City, OR",jroger543@customer.com,555-191-9356
544,James,Natalie,"505 Walnut St, Coast City, OR",jnatalie544@customer.com,555-462-3301
545,James,Benjamin,"505 Walnut St, Coast City, OR",jbenjamin545@customer.com,555-678-6943
546,James,Virginia,"505 Walnut St, Coast City, OR",jvirginia546@customer.com,555-587-6415
547,James,Bruce,"505 Walnut St, Coast City, OR",jbruce547@customer.com,555-325-9712
548,James,Madison,"505 Walnut St, Coast City, OR",jmadison548@customer.com,555-872-8328
549,James,Adam,"505 Walnut St, Coast City, OR",jadam549@customer.com,555-484-3601
550,James,Abigail,"505 Walnut St, Coast City, OR",jabigail550@customer.com,555-909-5820
551,James,Gerald,"505 Walnut St, Coast City, OR",jgerald551@customer.com,555-063-2703
552,James,Lauren,"505 Walnut St, Coast City, OR",jlauren552@customer.com,555-247-5963
553,James,Keith,"505 Walnut St, Coast City, OR",jkeith553@customer.com,555-405-2950
554,James,Isabella,"505 Walnut St, Coast City, OR",jisabella554@customer.com,555-042-1071
555,James,Terry,"505 Walnut St, Coast City, OR",jterry555@customer.com,555-261-9257
556,James,Jane,"505 Walnut St, Coast City, OR",jjane556@customer.com,555-354-3076
557,James,Wayne,"505 Walnut St, Coast City, OR",jwayne557@customer.com,555-804-7744
558,James,Amy,"505 Walnut St, Coast City, OR",jamy558@customer.com,555-985-3022
559,James,Ralph,"505 Walnut St, Coast City, OR",jralph559@customer.com,555-960-3823
560,James,Cynthia,"505 Walnut St, Coast City, OR",jcynthia560@customer.com,555-309-0906
561,James,Smith,"606 Cherry Cir, Bludhaven, DE",jsmith561@customer.com,555-068-9372
562,James,Johnson,"606 Cherry Cir, Bludhaven, DE",jjohnson562@customer.com,555-789-0490
563,James,Williams,"606 Cherry Cir, Bludhaven, DE",jwilliams563@customer.com,555-593-7774
564,James,Brown,"606 Cherry Cir, Bludhaven, DE",jbrown564@customer.com,555-592-5780
565,James,Jones,"606 Cherry Cir, Bludhaven, DE",jjones565@customer.com,555-453-9642
566,James,Garcia,"606 Cherry Cir, Bludhaven, DE",jgarcia566@customer.com,555-841-9228
567,James,Miller,"606 Cherry Cir, Bludhaven, DE",jmiller567@customer.com,555-998-5282
568,James,Davis,"606 Cherry Cir, Bludhaven, DE",jdavis568@customer.com,555-426-0307
569,James,Rodriguez,"606 Cherry Cir, Bludhaven, DE",jrodriguez569@customer.com,555-716-2423
570,James,Martinez,"606 Cherry Cir, Bludhaven, DE",jmartinez570@customer.com,555-107-9987
571,James,Hernandez,"606 Cherry Cir, Bludhaven, DE",jhernandez571@customer.com,555-691-6714
572,James,Lopez,"606 Cherry Cir, Bludhaven, DE",jlopez572@customer.com,555-347-5651
573,James,Gonzalez,"606 Cherry Cir, Bludhaven, DE",jgonzalez573@customer.com,555-453-2997
574,James,Wilson,"606 Cherry Cir, Bludhaven, DE",jwilson574@customer.com,555-685-8566
575,James,Anderson,"606 Cherry Cir, Bludhaven, DE",janderson575@customer.com,555-173-8191
576,James,Thomas,"606 Cherry Cir, Bludhaven, DE",jthomas576@customer.com,555-236-0608
577,James,Taylor,"606 Cherry Cir, Bludhaven, DE",jtaylor577@customer.com,555-405-1070
578,James,Moore,"606 Cherry Cir, Bludhaven, DE",jmoore578@customer.com,555-212-8362
579,James,Jackson,"606 Cherry Cir, Bludhaven, DE",jjackson579@customer.com,555-081-0225
580,James,Martin,"606 Cherry Cir, Bludhaven, DE",jmartin580@customer.com,555-901-8711
581,James,Peter,"606 Cherry Cir, Bludhaven, DE",jpeter581@customer.com,555-691-2590
582,James,Victoria,"606 Cherry Cir, Bludhaven, DE",jvictoria582@customer.com,555-034-3812
583,James,Raymond,"606 Cherry Cir, Bludhaven, DE",jraymond583@customer.com,555-482-7061
584,James,Julia,"606 Cherry Cir, Bludhaven, DE",jjulia584@customer.com,555-892-0073
585,James,Scott,"606 Cherry Cir, Bludhaven, DE",jscott585@customer.com,555-920-5218
586,James,Grace,"606 Cherry Cir, Bludhaven, DE",jgrace586@customer.com,555-469-6279
587,James,Dennis,"606 Cherry Cir, Bludhaven, DE",jdennis587@customer.com,555-211-8588
588,James,Evelyn,"606 Cherry Cir, Bludhaven, DE",jevelyn588@customer.com,555-113-8588
589,James,Gregory,"606 Cherry Cir, Bludhaven, DE",jgregory589@customer.com,555-461-4922
590,James,Anna,"606 Cherry Cir, Bludhaven, DE",janna590@customer.com,555-024-4056
591,James,Walter,"606 Cherry Cir, Bludhaven, DE",jwalter591@customer.com,555-414-7530
592,James,Rose,"606 Cherry Cir, Bludhaven, DE",jrose592@customer.com,555-570-7582
593,James,Patrick,"606 Cherry Cir, Bludhaven, DE",jpatrick593@customer.com,555-358-7191
594,James,Judith,"606 Cherry Cir, Bludhaven, DE",jjudith594@customer.com,555-858-3076
595,James,Henry,"606 Cherry Cir, Bludhaven, DE",jhenry595@customer.com,555-424-1211
596,James,Christina,"606 Cherry Cir, Bludhaven, DE",jchristina596@customer.com,555-662-8239
597,James,Douglas,"606 Cherry Cir, Bludhaven, DE",jdouglas597@customer.com,555-685-2814
598,James,Maria,"606 Cherry Cir, Bludhaven, DE",jmaria598@customer.com,555-524-4441
599,James,Harold,"606 Cherry Cir, Bludhaven, DE",jharold599@customer.com,555-325-6916
600,James,Nicole,"606 Cherry Cir, Bludhaven, DE",jnicole600@customer.com,555-566-1030
601,James,Alexander,"606 Cherry Cir, Bludhaven, DE",jalexander601@customer.com,555-990-9219
602,James,Megan,"606 Cherry Cir, Bludhaven, DE",jmegan602@customer.com,555-383-7574
603,James,Samuel,"606 Cherry Cir, Bludhaven, DE",jsamuel603@customer.com,555-571-1112
604,James,Dorothy,"606 Cherry Cir, Bludhaven, DE",jdorothy604@customer.com,555-036-2502
605,James,Frank,"606 Cherry Cir, Bludhaven, DE",jfrank605@customer.com,555-514-3655
606,James,Sophia,"606 Cherry Cir, Bludhaven, DE",jsophia606@customer.com,555-000-7859
607,James,Lawrence,"606 Cherry Cir, Bludhaven, DE",jlawrence607@customer.com,555-149-5944
608,James,Alice,"606 Cherry Cir, Bludhaven, DE",jalice608@customer.com,555-481-3641
609,James,Arthur,"606 Cherry Cir, Bludhaven, DE",jarthur609@customer.com,555-088-4680
610,James,Ruth,"606 Cherry Cir, Bludhaven, DE",jruth610@customer.com,555-682-0392
611,James,Philip,"606 Cherry Cir, Bludhaven, DE",jphilip611@customer.com,555-230-2063
612,James,Diana,"606 Cherry Cir, Bludhaven, DE",jdiana612@customer.com,555-387-1021
613,James,Roger,"606 Cherry Cir, Bludhaven, DE",jroger613@customer.com,555-854-7503
614,James,Natalie,"606 Cherry Cir, Bludhaven, DE",jnatalie614@customer.com,555-755-7704
615,James,Benjamin,"606 Cherry Cir, Bludhaven, DE",jbenjamin615@customer.com,555-685-4935
616,James,Virginia,"606 Cherry Cir, Bludhaven, DE",jvirginia616@customer.com,555-310-9270
617,James,Bruce,"606 Cherry Cir, Bludhaven, DE",jbruce617@customer.com,555-779-9295
618,James,Madison,"606 Cherry Cir, Bludhaven, DE",jmadison618@customer.com,555-684-4723
619,James,Adam,"606 Cherry Cir, Bludhaven, DE",jadam619@customer.com,555-918-2487
620,James,Abigail,"606 Cherry Cir, Bludhaven, DE",jabigail620@customer.com,555-983-1398
621,James,Gerald,"606 Cherry Cir, Bludhaven, DE",jgerald621@customer.com,555-670-3126
622,James,Lauren,"606 Cherry Cir, Bludhaven, DE",jlauren622@customer.com,555-621-3011
623,James,Keith,"606 Cherry Cir, Bludhaven, DE",jkeith623@customer.com,555-002-7687
624,James,Isabella,"606 Cherry Cir, Bludhaven, DE",jisabella624@customer.com,555-710-0602
625,James,Terry,"606 Cherry Cir, Bludhaven, DE",jterry625@customer.com,555-089-4588
626,James,Jane,"606 Cherry Cir, Bludhaven, DE",jjane626@customer.com,555-395-7608
627,James,Wayne,"606 Cherry Cir, Bludhaven, DE",jwayne627@customer.com,555-265-3390
628,James,Amy,"606 Cherry Cir, Bludhaven, DE",jamy628@customer.com,555-005-1725
629,James,Ralph,"606 Cherry Cir, Bludhaven, DE",jralph629@customer.com,555-074-3269
630,James,Cynthia,"606 Cherry Cir, Bludhaven, DE",jcynthia630@customer.com,555-403-9377
631,James,Smith,"707 Aspen Way, Fawcett City, OH",jsmith631@customer.com,555-764-3834
632,James,Johnson,"707 Aspen Way, Fawcett City, OH",jjohnson632@customer.com,555-577-6646
633,James,Williams,"707 Aspen Way, Fawcett City, OH",jwilliams633@customer.com,555-718-4980
634,James,Brown,"707 Aspen Way, Fawcett City, OH",jbrown634@customer.com,555-536-7369
635,James,Jones,"707 Aspen Way, Fawcett City, OH",jjones635@customer.com,555-484-4283
636,James,Garcia,"707 Aspen Way, Fawcett City, OH",jgarcia636@customer.com,555-377-8167
637,James,Miller,"707 Aspen Way, Fawcett City, OH",jmiller637@customer.com,555-740-4699
638,James,Davis,"707 Aspen Way, Fawcett City, OH",jdavis638@customer.com,555-542-6784
639,James,Rodriguez,"707 Aspen Way, Fawcett City, OH",jrodriguez639@customer.com,555-213-2322
640,James,Martinez,"707 Aspen Way, Fawcett City, OH",jmartinez640@customer.com,555-027-1138
641,James,Hernandez,"707 Aspen Way, Fawcett City, OH",jhernandez641@customer.com,555-476-5875
642,James,Lopez,"707 Aspen Way, Fawcett City, OH",jlopez642@customer.com,555-046-9163
643,James,Gonzalez,"707 Aspen Way, Fawcett City, OH",jgonzalez643@customer.com,555-081-4346
644,James,Wilson,"707 Aspen Way, Fawcett City, OH",jwilson644@customer.com,555-654-6481
645,James,Anderson,"707 Aspen Way, Fawcett City, OH",janderson645@customer.com,555-143-7734
646,James,Thomas,"707 Aspen Way, Fawcett City, OH",jthomas646@customer.com,555-848-1338
647,James,Taylor,"707 Aspen Way, Fawcett City, OH",jtaylor647@customer.com,555-899-3289
648,James,Moore,"707 Aspen Way, Fawcett City, OH",jmoore648@customer.com,555-610-3227
649,James,Jackson,"707 Aspen Way, Fawcett City, OH",jjackson649@customer.com,555-027-4125
650,James,Martin,"707 Aspen Way, Fawcett City, OH",jmartin650@customer.com,555-085-1256
651,James,Peter,"707 Aspen Way, Fawcett City, OH",jpeter651@customer.com,555-929-3220
652,James,Victoria,"707 Aspen Way, Fawcett City, OH",jvictoria652@customer.com,555-278-3640
653,James,Raymond,"707 Aspen Way, Fawcett City, OH",jraymond653@customer.com,555-926-4006
654,James,Julia,"707 Aspen Way, Fawcett City, OH",jjulia654@customer.com,555-806-3267
655,James,Scott,"707 Aspen Way, Fawcett City, OH",jscott655@customer.com,555-987-9861
656,James,Grace,"707 Aspen Way, Fawcett City, OH",jgrace656@customer.com,555-495-8103
657,James,Dennis,"707 Aspen Way, Fawcett City, OH",jdennis657@customer.com,555-965-0957
658,James,Evelyn,"707 Aspen Way, Fawcett City, OH",jevelyn658@customer.com,555-695-9510
659,James,Gregory,"707 Aspen Way, Fawcett City, OH",jgregory659@customer.com,555-736-0379
660,James,Anna,"707 Aspen Way, Fawcett City, OH",janna660@customer.com,555-365-5404
661,James,Walter,"707 Aspen Way, Fawcett City, OH",jwalter661@customer.com,555-527-1931
662,James,Rose,"707 Aspen Way, Fawcett City, OH",jrose662@customer.com,555-191-9696
663,James,Patrick,"707 Aspen Way, Fawcett City, OH",jpatrick663@customer.com,555-231-5917
664,James,Judith,"707 Aspen Way, Fawcett City, OH",jjudith664@customer.com,555-041-4778
665,James,Henry,"707 Aspen Way, Fawcett City, OH",jhenry665@customer.com,555-076-1853
666,James,Christina,"707 Aspen Way, Fawcett City, OH",jchristina666@customer.com,555-699-7844
667,James,Douglas,"707 Aspen Way, Fawcett City, OH",jdouglas667@customer.com,555-739-5409
668,James,Maria,"707 Aspen Way, Fawcett City, OH",jmaria668@customer.com,555-586-8296
669,James,Harold,"707 Aspen Way, Fawcett City, OH",jharold669@customer.com,555-129-9572
670,James,Nicole,"707 Aspen Way, Fawcett City, OH",jnicole670@customer.com,555-649-6133
671,James,Alexander,"707 Aspen Way, Fawcett City, OH",jalexander671@customer.com,555-388-8272
672,James,Megan,"707 Aspen Way, Fawcett City, OH",jmegan672@customer.com,555-388-3056
673,James,Samuel,"707 Aspen Way, Fawcett City, OH",jsamuel673@customer.com,555-971-3545
674,James,Dorothy,"707 Aspen Way, Fawcett City, OH",jdorothy674@customer.com,555-865-5660
675,James,Frank,"707 Aspen Way, Fawcett City, OH",jfrank675@customer.com,555-601-9742
676,James,Sophia,"707 Aspen Way, Fawcett City, OH",jsophia676@customer.com,555-970-9754
677,James,Lawrence,"707 Aspen Way, Fawcett City, OH",jlawrence677@customer.com,555-999-0346
678,James,Alice,"707 Aspen Way, Fawcett City, OH",jalice678@customer.com,555-879-1543
679,James,Arthur,"707 Aspen Way, Fawcett City, OH",jarthur679@customer.com,555-593-5103
680,James,Ruth,"707 Aspen Way, Fawcett City, OH",jruth680@customer.com,555-171-0340
681,James,Philip,"707 Aspen Way, Fawcett City, OH",jphilip681@customer.com,555-141-8447
682,James,Diana,"707 Aspen Way, Fawcett City, OH",jdiana682@customer.com,555-988-0076
683,James,Roger,"707 Aspen Way, Fawcett City, OH",jroger683@customer.com,555-151-6087
684,James,Natalie,"707 Aspen Way, Fawcett City, OH",jnatalie684@customer.com,555-659-1704
685,James,Benjamin,"707 Aspen Way, Fawcett City, OH",jbenjamin685@customer.com,555-089-1897
686,James,Virginia,"707 Aspen Way, Fawcett City, OH",jvirginia686@customer.com,555-237-4175
687,James,Bruce,"707 Aspen Way, Fawcett City, OH",jbruce687@customer.com,555-258-7639
688,James,Madison,"707 Aspen Way, Fawcett City, OH",jmadison688@customer.com,555-592-9300
689,James,Adam,"707 Aspen Way, Fawcett City, OH",jadam689@customer.com,555-491-3120
690,James,Abigail,"707 Aspen Way, Fawcett City, OH",jabigail690@customer.com,555-085-2699
691,James,Gerald,"707 Aspen Way, Fawcett City, OH",jgerald691@customer.com,555-941-5599
692,James,Lauren,"707 Aspen Way, Fawcett City, OH",jlauren692@customer.com,555-573-0362
693,James,Keith,"707 Aspen Way, Fawcett City, OH",jkeith693@customer.com,555-677-7190
694,James,Isabella,"707 Aspen Way, Fawcett City, OH",jisabella694@customer.com,555-504-2471
695,James,Terry,"707 Aspen Way, Fawcett City, OH",jterry695@customer.com,555-168-6701
696,James,Jane,"707 Aspen Way, Fawcett City, OH",jjane696@customer.com,555-418-7194
697,James,Wayne,"707 Aspen Way, Fawcett City, OH",jwayne697@customer.com,555-899-0848
698,James,Amy,"707 Aspen Way, Fawcett City, OH",jamy698@customer.com,555-846-8626
699,James,Ralph,"707 Aspen Way, Fawcett City, OH",jralph699@customer.com,555-842-4515
700,James,Cynthia,"707 Aspen Way, Fawcett City, OH",jcynthia700@customer.com,555-475-3722
701,James,Smith,"808 Willow St, Paradise City, FL",jsmith701@customer.com,555-632-3759
702,James,Johnson,"808 Willow St, Paradise City, FL",jjohnson702@customer.com,555-383-7277
703,James,Williams,"808 Willow St, Paradise City, FL",jwilliams703@customer.com,555-118-4948
704,James,Brown,"808 Willow St, Paradise City, FL",jbrown704@customer.com,555-877-3948
705,James,Jones,"808 Willow St, Paradise City, FL",jjones705@customer.com,555-177-3237
706,James,Garcia,"808 Willow St, Paradise City, FL",jgarcia706@customer.com,555-810-6690
707,James,Miller,"808 Willow St, Paradise City, FL",jmiller707@customer.com,555-488-1890
708,James,Davis,"808 Willow St, Paradise City, FL",jdavis708@customer.com,555-117-4575
709,James,Rodriguez,"808 Willow St, Paradise City, FL",jrodriguez709@customer.com,555-025-0969
710,James,Martinez,"808 Willow St, Paradise City, FL",jmartinez710@customer.com,555-212-9378
711,James,Hernandez,"808 Willow St, Paradise City, FL",jhernandez711@customer.com,555-656-1514
712,James,Lopez,"808 Willow St, Paradise City, FL",jlopez712@customer.com,555-563-9550
713,James,Gonzalez,"808 Willow St, Paradise City, FL",jgonzalez713@customer.com,555-832-4797
714,James,Wilson,"808 Willow St, Paradise City, FL",jwilson714@customer.com,555-966-9778
715,James,Anderson,"808 Willow St, Paradise City, FL",janderson715@customer.com,555-448-6120
716,James,Thomas,"808 Willow St, Paradise City, FL",jthomas716@customer.com,555-921-1601
717,James,Taylor,"808 Willow St, Paradise City, FL",jtaylor717@customer.com,555-104-4667
718,James,Moore,"808 Willow St, Paradise City, FL",jmoore718@customer.com,555-239-4709
719,James,Jackson,"808 Willow St, Paradise City, FL",jjackson719@customer.com,555-812-6838
720,James,Martin,"808 Willow St, Paradise City, FL",jmartin720@customer.com,555-124-3953
721,James,Peter,"808 Willow St, Paradise City, FL",jpeter721@customer.com,555-053-1481
722,James,Victoria,"808 Willow St, Paradise City, FL",jvictoria722@customer.com,555-840-0597
723,James,Raymond,"808 Willow St, Paradise City, FL",jraymond723@customer.com,555-825-7392
724,James,Julia,"808 Willow St, Paradise City, FL",jjulia724@customer.com,555-855-8115
725,James,Scott,"808 Willow St, Paradise City, FL",jscott725@customer.com,555-438-9982
726,James,Grace,"808 Willow St, Paradise City, FL",jgrace726@customer.com,555-448-7867
727,James,Dennis,"808 Willow St, Paradise City, FL",jdennis727@customer.com,555-943-8694
728,James,Evelyn,"808 Willow St, Paradise City, FL",jevelyn728@customer.com,555-777-6219
729,James,Gregory,"808 Willow St, Paradise City, FL",jgregory729@customer.com,555-982-5346
730,James,Anna,"808 Willow St, Paradise City, FL",janna730@customer.com,555-507-9241
731,James,Walter,"808 Willow St, Paradise City, FL",jwalter731@customer.com,555-804-7676
732,James,Rose,"808 Willow St, Paradise City, FL",jrose732@customer.com,555-282-0127
733,James,Patrick,"808 Willow St, Paradise City, FL",jpatrick733@customer.com,555-292-8976
734,James,Judith,"808 Willow St, Paradise City, FL",jjudith734@customer.com,555-003-4853
735,James,Henry,"808 Willow St, Paradise City, FL",jhenry735@customer.com,555-459-8321
736,James,Christina,"808 Willow St, Paradise City, FL",jchristina736@customer.com,555-158-7005
737,James,Douglas,"808 Willow St, Paradise City, FL",jdouglas737@customer.com,555-221-2996
738,James,Maria,"808 Willow St, Paradise City, FL",jmaria738@customer.com,555-366-7876
739,James,Harold,"808 Willow St, Paradise City, FL",jharold739@customer.com,555-887-4808
740,James,Nicole,"808 Willow St, Paradise City, FL",jnicole740@customer.com,555-058-5528
741,James,Alexander,"808 Willow St, Paradise City, FL",jalexander741@customer.com,555-284-1446
742,James,Megan,"808 Willow St, Paradise City, FL",jmegan742@customer.com,555-793-6544
743,James,Samuel,"808 Willow St, Paradise City, FL",jsamuel743@customer.com,555-716-0285
744,James,Dorothy,"808 Willow St, Paradise City, FL",jdorothy744@customer.com,555-558-9824
745,James,Frank,"808 Willow St, Paradise City, FL",jfrank745@customer.com,555-283-1716
746,James,Sophia,"808 Willow St, Paradise City, FL",jsophia746@customer.com,555-283-1073
747,James,Lawrence,"808 Willow St, Paradise City, FL",jlawrence747@customer.com,555-922-7125
748,James,Alice,"808 Willow St, Paradise City, FL",jalice748@customer.com,555-823-1988
749,James,Arthur,"808 Willow St, Paradise City, FL",jarthur749@customer.com,555-639-8945
750,James,Ruth,"808 Willow St, Paradise City, FL",jruth750@customer.com,555-583-6801
751,James,Philip,"808 Willow St, Paradise City, FL",jphilip751@customer.com,555-677-0644
752,James,Diana,"808 Willow St, Paradise City, FL",jdiana752@customer.com,555-080-8980
753,James,Roger,"808 Willow St, Paradise City, FL",jroger753@customer.com,555-505-9257
754,James,Natalie,"808 Willow St, Paradise City, FL",jnatalie754@customer.com,555-256-6949
755,James,Benjamin,"808 Willow St, Paradise City, FL",jbenjamin755@customer.com,555-143-0449
756,James,Virginia,"808 Willow St, Paradise City, FL",jvirginia756@customer.com,555-658-2828
757,James,Bruce,"808 Willow St, Paradise City, FL",jbruce757@customer.com,555-026-4185
758,James,Madison,"808 Willow St, Paradise City, FL",jmadison758@customer.com,555-987-1813
759,James,Adam,"808 Willow St, Paradise City, FL",jadam759@customer.com,555-023-4832
760,James,Abigail,"808 Willow St, Paradise City, FL",jabigail760@customer.com,555-753-8440
761,James,Gerald,"808 Willow St, Paradise City, FL",jgerald761@customer.com,555-004-0763
762,James,Lauren,"808 Willow St, Paradise City, FL",jlauren762@customer.com,555-967-8920
763,James,Keith,"808 Willow St, Paradise City, FL",jkeith763@customer.com,555-361-1641
764,James,Isabella,"808 Willow St, Paradise City, FL",jisabella764@customer.com,555-852-1093
765,James,Terry,"808 Willow St, Paradise City, FL",jterry765@customer.com,555-091-8102
766,James,Jane,"808 Willow St, Paradise City, FL",jjane766@customer.com,555-534-2112
767,James,Wayne,"808 Willow St, Paradise City, FL",jwayne767@customer.com,555-396-9534
768,James,Amy,"808 Willow St, Paradise City, FL",jamy768@customer.com,555-740-4009
769,James,Ralph,"808 Willow St, Paradise City, FL",jralph769@customer.com,555-854-1672
770,James,Cynthia,"808 Willow St, Paradise City, FL",jcynthia770@customer.com,555-256-8258
771,James,Smith,"909 Dogwood Ln, Steel City, PA",jsmith771@customer.com,555-543-6897
772,James,Johnson,"909 Dogwood Ln, Steel City, PA",jjohnson772@customer.com,555-172-3575
773,James,Williams,"909 Dogwood Ln, Steel City, PA",jwilliams773@customer.com,555-731-4767
774,James,Brown,"909 Dogwood Ln, Steel City, PA",jbrown774@customer.com,555-997-3340
775,James,Jones,"909 Dogwood Ln, Steel City, PA",jjones775@customer.com,555-114-7717
776,James,Garcia,"909 Dogwood Ln, Steel City, PA",jgarcia776@customer.com,555-583-5027
777,James,Miller,"909 Dogwood Ln, Steel City, PA",jmiller777@customer.com,555-822-3169
778,James,Davis,"909 Dogwood Ln, Steel City, PA",jdavis778@customer.com,555-467-4425
779,James,Rodriguez,"909 Dogwood Ln, Steel City, PA",jrodriguez779@customer.com,555-355-9508
780,James,Martinez,"909 Dogwood Ln, Steel City, PA",jmartinez780@customer.com,555-240-7572
781,James,Hernandez,"909 Dogwood Ln, Steel City, PA",jhernandez781@customer.com,555-463-4985
782,James,Lopez,"909 Dogwood Ln, Steel City, PA",jlopez782@customer.com,555-934-4188
783,James,Gonzalez,"909 Dogwood Ln, Steel City, PA",jgonzalez783@customer.com,555-479-1055
784,James,Wilson,"909 Dogwood Ln, Steel City, PA",jwilson784@customer.com,555-224-9061
785,James,Anderson,"909 Dogwood Ln, Steel City, PA",janderson785@customer.com,555-347-8529
786,James,Thomas,"909 Dogwood Ln, Steel City, PA",jthomas786@customer.com,555-129-1720
787,James,Taylor,"909 Dogwood Ln, Steel City, PA",jtaylor787@customer.com,555-415-7064
788,James,Moore,"909 Dogwood Ln, Steel City, PA",jmoore788@customer.com,555-194-1001
789,James,Jackson,"909 Dogwood Ln, Steel City, PA",jjackson789@customer.com,555-893-5054
790,James,Martin,"909 Dogwood Ln, Steel City, PA",jmartin790@customer.com,555-963-2335
791,James,Peter,"909 Dogwood Ln, Steel City, PA",jpeter791@customer.com,555-073-3295
792,James,Victoria,"909 Dogwood Ln, Steel City, PA",jvictoria792@customer.com,555-486-0252
793,James,Raymond,"909 Dogwood Ln, Steel City, PA",jraymond793@customer.com,555-148-7762
794,James,Julia,"909 Dogwood Ln, Steel City, PA",jjulia794@customer.com,555-358-3515
795,James,Scott,"909 Dogwood Ln, Steel City, PA",jscott795@customer.com,555-995-2716
796,James,Grace,"909 Dogwood Ln, Steel City, PA",jgrace796@customer.com,555-515-9739
797,James,Dennis,"909 Dogwood Ln, Steel City, PA",jdennis797@customer.com,555-262-2579
798,James,Evelyn,"909 Dogwood Ln, Steel City, PA",jevelyn798@customer.com,555-269-6826
799,James,Gregory,"909 Dogwood Ln, Steel City, PA",jgregory799@customer.com,555-317-1195
800,James,Anna,"909 Dogwood Ln, Steel City, PA",janna800@customer.com,555-108-8965
801,James,Walter,"909 Dogwood Ln, Steel City, PA",jwalter801@customer.com,555-144-7688
802,James,Rose,"909 Dogwood Ln, Steel City, PA",jrose802@customer.com,555-348-1254
803,James,Patrick,"909 Dogwood Ln, Steel City, PA",jpatrick803@customer.com,555-914-0825
804,James,Judith,"909 Dogwood Ln, Steel City, PA",jjudith804@customer.com,555-867-1787
805,James,Henry,"909 Dogwood Ln, Steel City, PA",jhenry805@customer.com,555-787-7724
806,James,Christina,"909 Dogwood Ln, Steel City, PA",jchristina806@customer.com,555-687-7070
807,James,Douglas,"909 Dogwood Ln, Steel City, PA",jdouglas807@customer.com,555-714-8180
808,James,Maria,"909 Dogwood Ln, Steel City, PA",jmaria808@customer.com,555-743-4689
809,James,Harold,"909 Dogwood Ln, Steel City, PA",jharold809@customer.com,555-911-4120
810,James,Nicole,"909 Dogwood Ln, Steel City, PA",jnicole810@customer.com,555-654-9381
811,James,Alexander,"909 Dogwood Ln, Steel City, PA",jalexander811@customer.com,555-581-5812
812,James,Megan,"909 Dogwood Ln, Steel City, PA",jmegan812@customer.com,555-040-7155
813,James,Samuel,"909 Dogwood Ln, Steel City, PA",jsamuel813@customer.com,555-847-4105
814,James,Dorothy,"909 Dogwood Ln, Steel City, PA",jdorothy814@customer.com,555-609-5722
815,James,Frank,"909 Dogwood Ln, Steel City, PA",jfrank815@customer.com,555-140-9113
816,James,Sophia,"909 Dogwood Ln, Steel City, PA",jsophia816@customer.com,555-967-8303
817,James,Lawrence,"909 Dogwood Ln, Steel City, PA",jlawrence817@customer.com,555-629-3487
818,James,Alice,"909 Dogwood Ln, Steel City, PA",jalice818@customer.com,555-250-9797
819,James,Arthur,"909 Dogwood Ln, Steel City, PA",jarthur819@customer.com,555-606-3687
820,James,Ruth,"909 Dogwood Ln, Steel City, PA",jruth820@customer.com,555-079-3443
821,James,Philip,"909 Dogwood Ln, Steel City, PA",jphilip821@customer.com,555-538-2729
822,James,Diana,"909 Dogwood Ln, Steel City, PA",jdiana822@customer.com,555-190-2774
823,James,Roger,"909 Dogwood Ln, Steel City, PA",jroger823@customer.com,555-274-8180
824,James,Natalie,"909 Dogwood Ln, Steel City, PA",jnatalie824@customer.com,555-694-4123
825,James,Benjamin,"909 Dogwood Ln, Steel City, PA",jbenjamin825@customer.com,555-501-3095
826,James,Virginia,"909 Dogwood Ln, Steel City, PA",jvirginia826@customer.com,555-721-8874
827,James,Bruce,"909 Dogwood Ln, Steel City, PA",jbruce827@customer.com,555-359-7843
828,James,Madison,"909 Dogwood Ln, Steel City, PA",jmadison828@customer.com,555-594-6211
829,James,Adam,"909 Dogwood Ln, Steel City, PA",jadam829@customer.com,555-210-3373
830,James,Abigail,"909 Dogwood Ln, Steel City, PA",jabigail830@customer.com,555-542-8823
831,James,Gerald,"909 Dogwood Ln, Steel City, PA",jgerald831@customer.com,555-365-7589
832,James,Lauren,"909 Dogwood Ln, Steel City, PA",jlauren832@customer.com,555-909-1621
833,James,Keith,"909 Dogwood Ln, Steel City, PA",jkeith833@customer.com,555-408-4536
834,James,Isabella,"909 Dogwood Ln, Steel City, PA",jisabella834@customer.com,555-508-9268
835,James,Terry,"909 Dogwood Ln, Steel City, PA",jterry835@customer.com,555-883-9026
836,James,Jane,"909 Dogwood Ln, Steel City, PA",jjane836@customer.com,555-382-7878
837,James,Wayne,"909 Dogwood Ln, Steel City, PA",jwayne837@customer.com,555-622-8795
838,James,Amy,"909 Dogwood Ln, Steel City, PA",jamy838@customer.com,555-426-9251
839,James,Ralph,"909 Dogwood Ln, Steel City, PA",jralph839@customer.com,555-802-5786
840,James,Cynthia,"909 Dogwood Ln, Steel City, PA",jcynthia840@customer.com,555-837-8215
841,James,Smith,"111 Redwood Ave, Bay Harbor, MI",jsmith841@customer.com,555-360-7054
842,James,Johnson,"111 Redwood Ave, Bay Harbor, MI",jjohnson842@customer.com,555-762-1086
843,James,Williams,"111 Redwood Ave, Bay Harbor, MI",jwilliams843@customer.com,555-333-9857
844,James,Brown,"111 Redwood Ave, Bay Harbor, MI",jbrown844@customer.com,555-279-7681
845,James,Jones,"111 Redwood Ave, Bay Harbor, MI",jjones845@customer.com,555-842-8547
846,James,Garcia,"111 Redwood Ave, Bay Harbor, MI",jgarcia846@customer.com,555-919-6987
847,James,Miller,"111 Redwood Ave, Bay Harbor, MI",jmiller847@customer.com,555-396-1857
848,James,Davis,"111 Redwood Ave, Bay Harbor, MI",jdavis848@customer.com,555-509-5180
849,James,Rodriguez,"111 Redwood Ave, Bay Harbor, MI",jrodriguez849@customer.com,555-199-5905
850,James,Martinez,"111 Redwood Ave, Bay Harbor, MI",jmartinez850@customer.com,555-139-8661
851,James,Hernandez,"111 Redwood Ave, Bay Harbor, MI",jhernandez851@customer.com,555-916-4177
852,James,Lopez,"111 Redwood Ave, Bay Harbor, MI",jlopez852@customer.com,555-862-1882
853,James,Gonzalez,"111 Redwood Ave, Bay Harbor, MI",jgonzalez853@customer.com,555-280-9049
854,James,Wilson,"111 Redwood Ave, Bay Harbor, MI",jwilson854@customer.com,555-729-2572
855,James,Anderson,"111 Redwood Ave, Bay Harbor, MI",janderson855@customer.com,555-681-1163
856,James,Thomas,"111 Redwood Ave, Bay Harbor, MI",jthomas856@customer.com,555-703-6612
857,James,Taylor,"111 Redwood Ave, Bay Harbor, MI",jtaylor857@customer.com,555-942-2760
858,James,Moore,"111 Redwood Ave, Bay Harbor, MI",jmoore858@customer.com,555-120-8922
859,James,Jackson,"111 Redwood Ave, Bay Harbor, MI",jjackson859@customer.com,555-401-9774
860,James,Martin,"111 Redwood Ave, Bay Harbor, MI",jmartin860@customer.com,555-649-1695
861,James,Peter,"111 Redwood Ave, Bay Harbor, MI",jpeter861@customer.com,555-478-3730
862,James,Victoria,"111 Redwood Ave, Bay Harbor, MI",jvictoria862@customer.com,555-904-2879
863,James,Raymond,"111 Redwood Ave, Bay Harbor, MI",jraymond863@customer.com,555-565-6399
864,James,Julia,"111 Redwood Ave, Bay Harbor, MI",jjulia864@customer.com,555-057-3567
865,James,Scott,"111 Redwood Ave, Bay Harbor, MI",jscott865@customer.com,555-154-0169
866,James,Grace,"111 Redwood Ave, Bay Harbor, MI",jgrace866@customer.com,555-127-1447
867,James,Dennis,"111 Redwood Ave, Bay Harbor, MI",jdennis867@customer.com,555-981-8161
868,James,Evelyn,"111 Redwood Ave, Bay Harbor, MI",jevelyn868@customer.com,555-928-3330
869,James,Gregory,"111 Redwood Ave, Bay Harbor, MI",jgregory869@customer.com,555-735-3439
870,James,Anna,"111 Redwood Ave, Bay Harbor, MI",janna870@customer.com,555-403-7096
871,James,Walter,"111 Redwood Ave, Bay Harbor, MI",jwalter871@customer.com,555-880-7847
872,James,Rose,"111 Redwood Ave, Bay Harbor, MI",jrose872@customer.com,555-581-6464
873,James,Patrick,"111 Redwood Ave, Bay Harbor, MI",jpatrick873@customer.com,555-751-7142
874,James,Judith,"111 Redwood Ave, Bay Harbor, MI",jjudith874@customer.com,555-945-3135
875,James,Henry,"111 Redwood Ave, Bay Harbor, MI",jhenry875@customer.com,555-533-1545
876,James,Christina,"111 Redwood Ave, Bay Harbor, MI",jchristina876@customer.com,555-906-1135
877,James,Douglas,"111 Redwood Ave, Bay Harbor, MI",jdouglas877@customer.com,555-033-8375
878,James,Maria,"111 Redwood Ave, Bay Harbor, MI",jmaria878@customer.com,555-112-0055
879,James,Harold,"111 Redwood Ave, Bay Harbor, MI",jharold879@customer.com,555-203-0811
880,James,Nicole,"111 Redwood Ave, Bay Harbor, MI",jnicole880@customer.com,555-372-7563
881,James,Alexander,"111 Redwood Ave, Bay Harbor, MI",jalexander881@customer.com,555-206-8672
882,James,Megan,"111 Redwood Ave, Bay Harbor, MI",jmegan882@customer.com,555-194-6228
883,James,Samuel,"111 Redwood Ave, Bay Harbor, MI",jsamuel883@customer.com,555-789-3473
884,James,Dorothy,"111 Redwood Ave, Bay Harbor, MI",jdorothy884@customer.com,555-792-3043
885,James,Frank,"111 Redwood Ave, Bay Harbor, MI",jfrank885@customer.com,555-355-2344
886,James,Sophia,"111 Redwood Ave, Bay Harbor, MI",jsophia886@customer.com,555-894-9332
887,James,Lawrence,"111 Redwood Ave, Bay Harbor, MI",jlawrence887@customer.com,555-687-4178
888,James,Alice,"111 Redwood Ave, Bay Harbor, MI",jalice888@customer.com,555-330-1321
889,James,Arthur,"111 Redwood Ave, Bay Harbor, MI",jarthur889@customer.com,555-927-8945
890,James,Ruth,"111 Redwood Ave, Bay Harbor, MI",jruth890@customer.com,555-512-5222
891,James,Philip,"111 Redwood Ave, Bay Harbor, MI",jphilip891@customer.com,555-067-4042
892,James,Diana,"111 Redwood Ave, Bay Harbor, MI",jdiana892@customer.com,555-491-2303
893,James,Roger,"111 Redwood Ave, Bay Harbor, MI",jroger893@customer.com,555-678-1845
894,James,Natalie,"111 Redwood Ave, Bay Harbor, MI",jnatalie894@customer.com,555-906-5611
895,James,Benjamin,"111 Redwood Ave, Bay Harbor, MI",jbenjamin895@customer.com,555-751-5999
896,James,Virginia,"111 Redwood Ave, Bay Harbor, MI",jvirginia896@customer.com,555-412-8234
897,James,Bruce,"111 Redwood Ave, Bay Harbor, MI",jbruce897@customer.com,555-957-1823
898,James,Madison,"111 Redwood Ave, Bay Harbor, MI",jmadison898@customer.com,555-321-6328
899,James,Adam,"111 Redwood Ave, Bay Harbor, MI",jadam899@customer.com,555-634-7943
900,James,Abigail,"111 Redwood Ave, Bay Harbor, MI",jabigail900@customer.com,555-231-8138
901,James,Gerald,"111 Redwood Ave, Bay Harbor, MI",jgerald901@customer.com,555-011-0526
902,James,Lauren,"111 Redwood Ave, Bay Harbor, MI",jlauren902@customer.com,555-736-3121
903,James,Keith,"111 Redwood Ave, Bay Harbor, MI",jkeith903@customer.com,555-993-0414
904,James,Isabella,"111 Redwood Ave, Bay Harbor, MI",jisabella904@customer.com,555-200-9538
905,James,Terry,"111 Redwood Ave, Bay Harbor, MI",jterry905@customer.com,555-179-0039
906,James,Jane,"111 Redwood Ave, Bay Harbor, MI",jjane906@customer.com,555-299-7106
907,James,Wayne,"111 Redwood Ave, Bay Harbor, MI",jwayne907@customer.com,555-862-9857
908,James,Amy,"111 Redwood Ave, Bay Harbor, MI",jamy908@customer.com,555-646-4676
909,James,Ralph,"111 Redwood Ave, Bay Harbor, MI",jralph909@customer.com,555-507-8537
910,James,Cynthia,"111 Redwood Ave, Bay Harbor, MI",jcynthia910@customer.com,555-775-4106
911,James,Smith,"222 Sequoia Dr, Lake Town, MN",jsmith911@customer.com,555-005-4054
912,James,Johnson,"222 Sequoia Dr, Lake Town, MN",jjohnson912@customer.com,555-852-3558
913,James,Williams,"222 Sequoia Dr, Lake Town, MN",jwilliams913@customer.com,555-475-2697
914,James,Brown,"222 Sequoia Dr, Lake Town, MN",jbrown914@customer.com,555-257-2192
915,James,Jones,"222 Sequoia Dr, Lake Town, MN",jjones915@customer.com,555-896-9864
916,James,Garcia,"222 Sequoia Dr, Lake Town, MN",jgarcia916@customer.com,555-915-5301
917,James,Miller,"222 Sequoia Dr, Lake Town, MN",jmiller917@customer.com,555-713-3350
918,James,Davis,"222 Sequoia Dr, Lake Town, MN",jdavis918@customer.com,555-966-2818
919,James,Rodriguez,"222 Sequoia Dr, Lake Town, MN",jrodriguez919@customer.com,555-857-9052
920,James,Martinez,"222 Sequoia Dr, Lake Town, MN",jmartinez920@customer.com,555-870-3492
921,James,Hernandez,"222 Sequoia Dr, Lake Town, MN",jhernandez921@customer.com,555-851-2407
922,James,Lopez,"222 Sequoia Dr, Lake Town, MN",jlopez922@customer.com,555-554-9076
923,James,Gonzalez,"222 Sequoia Dr, Lake Town, MN",jgonzalez923@customer.com,555-193-6621
924,James,Wilson,"222 Sequoia Dr, Lake Town, MN",jwilson924@customer.com,555-274-5112
925,James,Anderson,"222 Sequoia Dr, Lake Town, MN",janderson925@customer.com,555-237-2339
926,James,Thomas,"222 Sequoia Dr, Lake Town, MN",jthomas926@customer.com,555-667-3468
927,James,Taylor,"222 Sequoia Dr, Lake Town, MN",jtaylor927@customer.com,555-394-8693
928,James,Moore,"222 Sequoia Dr, Lake Town, MN",jmoore928@customer.com,555-253-0104
929,James,Jackson,"222 Sequoia Dr, Lake Town, MN",jjackson929@customer.com,555-854-1993
930,James,Martin,"222 Sequoia Dr, Lake Town, MN",jmartin930@customer.com,555-282-3319
931,James,Peter,"222 Sequoia Dr, Lake Town, MN",jpeter931@customer.com,555-490-3130
932,James,Victoria,"222 Sequoia Dr, Lake Town, MN",jvictoria932@customer.com,555-972-8109
933,James,Raymond,"222 Sequoia Dr, Lake Town, MN",jraymond933@customer.com,555-002-3607
934,James,Julia,"222 Sequoia Dr, Lake Town, MN",jjulia934@customer.com,555-486-4394
935,James,Scott,"222 Sequoia Dr, Lake Town, MN",jscott935@customer.com,555-914-3434
936,James,Grace,"222 Sequoia Dr, Lake Town, MN",jgrace936@customer.com,555-515-0614
937,James,Dennis,"222 Sequoia Dr, Lake Town, MN",jdennis937@customer.com,555-282-1859
938,James,Evelyn,"222 Sequoia Dr, Lake Town, MN",jevelyn938@customer.com,555-501-7747
939,James,Gregory,"222 Sequoia Dr, Lake Town, MN",jgregory939@customer.com,555-358-2265
940,James,Anna,"222 Sequoia Dr, Lake Town, MN",janna940@customer.com,555-407-0579
941,James,Walter,"222 Sequoia Dr, Lake Town, MN",jwalter941@customer.com,555-260-1297
942,James,Rose,"222 Sequoia Dr, Lake Town, MN",jrose942@customer.com,555-850-8112
943,James,Patrick,"222 Sequoia Dr, Lake Town, MN",jpatrick943@customer.com,555-510-0180
944,James,Judith,"222 Sequoia Dr, Lake Town, MN",jjudith944@customer.com,555-807-6879
945,James,Henry,"222 Sequoia Dr, Lake Town, MN",jhenry945@customer.com,555-969-7933
946,James,Christina,"222 Sequoia Dr, Lake Town, MN",jchristina946@customer.com,555-596-5115
947,James,Douglas,"222 Sequoia Dr, Lake Town, MN",jdouglas947@customer.com,555-657-3662
948,James,Maria,"222 Sequoia Dr, Lake Town, MN",jmaria948@customer.com,555-921-5007
949,James,Harold,"222 Sequoia Dr, Lake Town, MN",jharold949@customer.com,555-994-2176
950,James,Nicole,"222 Sequoia Dr, Lake Town, MN",jnicole950@customer.com,555-885-1949
951,James,Alexander,"222 Sequoia Dr, Lake Town, MN",jalexander951@customer.com,555-980-8857
952,James,Megan,"222 Sequoia Dr, Lake Town, MN",jmegan952@customer.com,555-545-0189
953,James,Samuel,"222 Sequoia Dr, Lake Town, MN",jsamuel953@customer.com,555-115-9555
954,James,Dorothy,"222 Sequoia Dr, Lake Town, MN",jdorothy954@customer.com,555-923-2446
955,James,Frank,"222 Sequoia Dr, Lake Town, MN",jfrank955@customer.com,555-010-4947
956,James,Sophia,"222 Sequoia Dr, Lake Town, MN",jsophia956@customer.com,555-533-7704
957,James,Lawrence,"222 Sequoia Dr, Lake Town, MN",jlawrence957@customer.com,555-222-0466
958,James,Alice,"222 Sequoia Dr, Lake Town, MN",jalice958@customer.com,555-087-8495
959,James,Arthur,"222 Sequoia Dr, Lake Town, MN",jarthur959@customer.com,555-862-5402
960,James,Ruth,"222 Sequoia Dr, Lake Town, MN",jruth960@customer.com,555-729-9377
961,James,Philip,"222 Sequoia Dr, Lake Town, MN",jphilip961@customer.com,555-064-1114
962,James,Diana,"222 Sequoia Dr, Lake Town, MN",jdiana962@customer.com,555-290-5373
963,James,Roger,"222 Sequoia Dr, Lake Town, MN",jroger963@customer.com,555-906-8168
964,James,Natalie,"222 Sequoia Dr, Lake Town, MN",jnatalie964@customer.com,555-552-4536
965,James,Benjamin,"222 Sequoia Dr, Lake Town, MN",jbenjamin965@customer.com,555-974-8388
966,James,Virginia,"222 Sequoia Dr, Lake Town, MN",jvirginia966@customer.com,555-306-1325
967,James,Bruce,"222 Sequoia Dr, Lake Town, MN",jbruce967@customer.com,555-010-7302
968,James,Madison,"222 Sequoia Dr, Lake Town, MN",jmadison968@customer.com,555-164-1218
969,James,Adam,"222 Sequoia Dr, Lake Town, MN",jadam969@customer.com,555-607-6998
970,James,Abigail,"222 Sequoia Dr, Lake Town, MN",jabigail970@customer.com,555-142-6275
971,James,Gerald,"222 Sequoia Dr, Lake Town, MN",jgerald971@customer.com,555-202-2160
972,James,Lauren,"222 Sequoia Dr, Lake Town, MN",jlauren972@customer.com,555-199-3548
973,James,Keith,"222 Sequoia Dr, Lake Town, MN",jkeith973@customer.com,555-803-3660
974,James,Isabella,"222 Sequoia Dr, Lake Town, MN",jisabella974@customer.com,555-331-6571
975,James,Terry,"222 Sequoia Dr, Lake Town, MN",jterry975@customer.com,555-109-5301
976,James,Jane,"222 Sequoia Dr, Lake Town, MN",jjane976@customer.com,555-310-9466
977,James,Wayne,"222 Sequoia Dr, Lake Town, MN",jwayne977@customer.com,555-677-5059
978,James,Amy,"222 Sequoia Dr, Lake Town, MN",jamy978@customer.com,555-729-5100
979,James,Ralph,"222 Sequoia Dr, Lake Town, MN",jralph979@customer.com,555-260-3081
980,James,Cynthia,"222 Sequoia Dr, Lake Town, MN",jcynthia980@customer.com,555-439-0020
981,James,Smith,"333 Hickory Rd, River City, TX",jsmith981@customer.com,555-308-6711
982,James,Johnson,"333 Hickory Rd, River City, TX",jjohnson982@customer.com,555-783-5285
983,James,Williams,"333 Hickory Rd, River City, TX",jwilliams983@customer.com,555-656-7950
984,James,Brown,"333 Hickory Rd, River City, TX",jbrown984@customer.com,555-193-0421
985,James,Jones,"333 Hickory Rd, River City, TX",jjones985@customer.com,555-788-6562
986,James,Garcia,"333 Hickory Rd, River City, TX",jgarcia986@customer.com,555-215-7416
987,James,Miller,"333 Hickory Rd, River City, TX",jmiller987@customer.com,555-137-3972
988,James,Davis,"333 Hickory Rd, River City, TX",jdavis988@customer.com,555-778-2419
989,James,Rodriguez,"333 Hickory Rd, River City, TX",jrodriguez989@customer.com,555-705-2196
990,James,Martinez,"333 Hickory Rd, River City, TX",jmartinez990@customer.com,555-406-4182
991,James,Hernandez,"333 Hickory Rd, River City, TX",jhernandez991@customer.com,555-512-2373
992,James,Lopez,"333 Hickory Rd, River City, TX",jlopez992@customer.com,555-415-9110
993,James,Gonzalez,"333 Hickory Rd, River City, TX",jgonzalez993@customer.com,555-016-6582
994,James,Wilson,"333 Hickory Rd, River City, TX",jwilson994@customer.com,555-314-0626
995,James,Anderson,"333 Hickory Rd, River City, TX",janderson995@customer.com,555-801-1170
996,James,Thomas,"333 Hickory Rd, River City, TX",jthomas996@customer.com,555-648-2589
997,James,Taylor,"333 Hickory Rd, River City, TX",jtaylor997@customer.com,555-085-2368
998,James,Moore,"333 Hickory Rd, River City, TX",jmoore998@customer.com,555-609-8296
999,James,Jackson,"333 Hickory Rd, River City, TX",jjackson999@customer.com,555-301-1119
1000,James,Martin,"333 Hickory Rd, River City, TX",jmartin1000@customer.com,555-364-4331
