product_id,product_name,category,price,supplier_id
1,"Office Chair",Furniture,445.01,501
2,"Coffee Maker","Home & Kitchen",937.29,502
3,"Document Scanner",Electronics,940.02,503
4,"Desk Mat",Accessories,76.11,504
5,"Tablet Stand",Accessories,388.17,505
6,"Drawer Unit",Furniture,457.31,506
7,"Bath Towels","Home & Kitchen",710.31,507
8,"External SSD",Electronics,522.82,508
9,"Computer Speakers",Electronics,20.36,509
10,"Gaming Keyboard",Electronics,776.2,510
11,"Gaming Mouse Pad",Accessories,313.63,511
12,"Rice Cooker","Home & Kitchen",161.04,512
13,"Phone Grip",Accessories,134.78,513
14,"Toaster Oven","Home & Kitchen",844.45,514
15,"Laptop Stand",Accessories,44.45,515
16,"Mechanical Keyboard",Electronics,931.97,516
17,"Food Processor","Home & Kitchen",139.62,517
18,"Monitor Stand",Furniture,413.14,518
19,"Laptop Sleeve",Accessories,394.45,519
20,"Wireless Mouse",Electronics,358.27,520
21,"Power Strip",Electronics,277.62,521
22,Microphone,Electronics,648.71,522
23,Bookshelf,Furniture,491.45,523
24,"Portable Charger",Accessories,635.81,524
25,"Bluetooth Headphones",Electronics,640.9,525
26,"Noise Cancelling Headset",Electronics,345.18,526
27,"Smart Watch",Electronics,824.9,527
28,"Cable Organizer",Accessories,942.15,528
29,"Storage Containers","Home & Kitchen",916.26,529
30,"Kitchen Blender","Home & Kitchen",163.28,530
31,"Wall Clock","Home & Kitchen",980.09,531
32,"Storage Shelf",Furniture,79.41,532
33,"WiFi Router",Electronics,148.6,533
34,"Air Purifier","Home & Kitchen",638.17,534
35,"Smartphone Case",Accessories,513.39,535
36,"Standing Desk",Furniture,788.9,536
37,"Throw Pillows","Home & Kitchen",832.24,537
38,"Wireless Charger",Electronics,545.44,538
39,"Wireless Presenter",Electronics,845.76,539
40,"USB-C Hub",Electronics,786.96,540
41,"Wireless Earbuds",Electronics,510.93,541
42,"Electric Kettle","Home & Kitchen",260.72,542
43,"Desk Organizer",Accessories,379.79,543
44,"Screen Protector",Accessories,423.14,544
45,"Desk Lamp","Home & Kitchen",582.2,545
46,"4K Monitor",Electronics,715.55,546
47,"Water Bottle","Home & Kitchen",431.25,547
48,"File Cabinet",Furniture,648.43,548
49,"Webcam HD",Electronics,6.19,549
50,"Keyboard Wrist Rest",Accessories,476.46,550
51,"Office Chair",Furniture,704.55,551
52,"Coffee Maker","Home & Kitchen",159.46,552
53,"Document Scanner",Electronics,241.3,553
54,"Desk Mat",Accessories,767.2,554
55,"Tablet Stand",Accessories,674.61,555
56,"Drawer Unit",Furniture,794.85,556
57,"Bath Towels","Home & Kitchen",995.21,557
58,"External SSD",Electronics,234.44,558
59,"Computer Speakers",Electronics,974.96,559
60,"Gaming Keyboard",Electronics,716.78,560
61,"Gaming Mouse Pad",Accessories,499.53,561
62,"Rice Cooker","Home & Kitchen",621.24,562
63,"Phone Grip",Accessories,519.33,563
64,"Toaster Oven","Home & Kitchen",377.45,564
65,"Laptop Stand",Accessories,599.96,565
66,"Mechanical Keyboard",Electronics,620.87,566
67,"Food Processor","Home & Kitchen",556.97,567
68,"Monitor Stand",Furniture,245.35,568
69,"Laptop Sleeve",Accessories,207.65,569
70,"Wireless Mouse",Electronics,405.55,570
71,"Power Strip",Electronics,278.21,571
72,Microphone,Electronics,40.52,572
73,Bookshelf,Furniture,524.58,573
74,"Portable Charger",Accessories,787.42,574
75,"Bluetooth Headphones",Electronics,476.96,575
76,"Noise Cancelling Headset",Electronics,622.66,576
77,"Smart Watch",Electronics,343.71,577
78,"Cable Organizer",Accessories,651.06,578
79,"Storage Containers","Home & Kitchen",530.41,579
80,"Kitchen Blender","Home & Kitchen",934.82,580
81,"Wall Clock","Home & Kitchen",7.22,581
82,"Storage Shelf",Furniture,179.59,582
83,"WiFi Router",Electronics,42.22,583
84,"Air Purifier","Home & Kitchen",653.46,584
85,"Smartphone Case",Accessories,847.65,585
86,"Standing Desk",Furniture,716.51,586
87,"Throw Pillows","Home & Kitchen",163.6,587
88,"Wireless Charger",Electronics,666.66,588
89,"Wireless Presenter",Electronics,244.38,589
90,"USB-C Hub",Electronics,402.24,590
91,"Wireless Earbuds",Electronics,20.87,591
92,"Electric Kettle","Home & Kitchen",599.17,592
93,"Desk Organizer",Accessories,600.11,593
94,"Screen Protector",Accessories,837.35,594
95,"Desk Lamp","Home & Kitchen",890.98,595
96,"4K Monitor",Electronics,619.95,596
97,"Water Bottle","Home & Kitchen",385.26,597
98,"File Cabinet",Furniture,126.58,598
99,"Webcam HD",Electronics,768.22,599
100,"Keyboard Wrist Rest",Accessories,438.39,600
101,"Office Chair",Furniture,713.74,501
102,"Coffee Maker","Home & Kitchen",995.68,502
103,"Document Scanner",Electronics,861.71,503
104,"Desk Mat",Accessories,605.58,504
105,"Tablet Stand",Accessories,367.19,505
106,"Drawer Unit",Furniture,955.29,506
107,"Bath Towels","Home & Kitchen",71.33,507
108,"External SSD",Electronics,37.16,508
109,"Computer Speakers",Electronics,55.02,509
110,"Gaming Keyboard",Electronics,9.53,510
111,"Gaming Mouse Pad",Accessories,169.2,511
112,"Rice Cooker","Home & Kitchen",78.53,512
113,"Phone Grip",Accessories,187.26,513
114,"Toaster Oven","Home & Kitchen",720.98,514
115,"Laptop Stand",Accessories,756.85,515
116,"Mechanical Keyboard",Electronics,212.51,516
117,"Food Processor","Home & Kitchen",717.92,517
118,"Monitor Stand",Furniture,92.46,518
119,"Laptop Sleeve",Accessories,482.86,519
120,"Wireless Mouse",Electronics,549.23,520
121,"Power Strip",Electronics,432.32,521
122,Microphone,Electronics,338.97,522
123,Bookshelf,Furniture,634.27,523
124,"Portable Charger",Accessories,705.93,524
125,"Bluetooth Headphones",Electronics,785.1,525
126,"Noise Cancelling Headset",Electronics,917.21,526
127,"Smart Watch",Electronics,125.24,527
128,"Cable Organizer",Accessories,660.55,528
129,"Storage Containers","Home & Kitchen",749.8,529
130,"Kitchen Blender","Home & Kitchen",147.44,530
131,"Wall Clock","Home & Kitchen",710.47,531
132,"Storage Shelf",Furniture,515.57,532
133,"WiFi Router",Electronics,751.9,533
134,"Air Purifier","Home & Kitchen",495.6,534
135,"Smartphone Case",Accessories,680.57,535
136,"Standing Desk",Furniture,313.5,536
137,"Throw Pillows","Home & Kitchen",670.17,537
138,"Wireless Charger",Electronics,889.87,538
139,"Wireless Presenter",Electronics,325.14,539
140,"USB-C Hub",Electronics,70.68,540
141,"Wireless Earbuds",Electronics,956.18,541
142,"Electric Kettle","Home & Kitchen",838.07,542
143,"Desk Organizer",Accessories,463.25,543
144,"Screen Protector",Accessories,693.15,544
145,"Desk Lamp","Home & Kitchen",396.51,545
146,"4K Monitor",Electronics,888.7,546
147,"Water Bottle","Home & Kitchen",114.1,547
148,"File Cabinet",Furniture,777.45,548
149,"Webcam HD",Electronics,652.22,549
150,"Keyboard Wrist Rest",Accessories,217.14,550
151,"Office Chair",Furniture,400.26,551
152,"Coffee Maker","Home & Kitchen",1.25,552
153,"Document Scanner",Electronics,971.63,553
154,"Desk Mat",Accessories,713.39,554
155,"Tablet Stand",Accessories,88.11,555
156,"Drawer Unit",Furniture,292.22,556
157,"Bath Towels","Home & Kitchen",638.45,557
158,"External SSD",Electronics,757.32,558
159,"Computer Speakers",Electronics,633.82,559
160,"Gaming Keyboard",Electronics,536.91,560
161,"Gaming Mouse Pad",Accessories,476.79,561
162,"Rice Cooker","Home & Kitchen",141.76,562
163,"Phone Grip",Accessories,813.86,563
164,"Toaster Oven","Home & Kitchen",770.31,564
165,"Laptop Stand",Accessories,739.58,565
166,"Mechanical Keyboard",Electronics,741.41,566
167,"Food Processor","Home & Kitchen",535.07,567
168,"Monitor Stand",Furniture,891.25,568
169,"Laptop Sleeve",Accessories,343.65,569
170,"Wireless Mouse",Electronics,290.93,570
171,"Power Strip",Electronics,132.95,571
172,Microphone,Electronics,750.34,572
173,Bookshelf,Furniture,903.96,573
174,"Portable Charger",Accessories,101.3,574
175,"Bluetooth Headphones",Electronics,254.73,575
176,"Noise Cancelling Headset",Electronics,534.78,576
177,"Smart Watch",Electronics,881.44,577
178,"Cable Organizer",Accessories,921.76,578
179,"Storage Containers","Home & Kitchen",618.01,579
180,"Kitchen Blender","Home & Kitchen",592.8,580
181,"Wall Clock","Home & Kitchen",792.26,581
182,"Storage Shelf",Furniture,770.46,582
183,"WiFi Router",Electronics,503.88,583
184,"Air Purifier","Home & Kitchen",551.88,584
185,"Smartphone Case",Accessories,134.04,585
186,"Standing Desk",Furniture,337.1,586
187,"Throw Pillows","Home & Kitchen",112.02,587
188,"Wireless Charger",Electronics,116.99,588
189,"Wireless Presenter",Electronics,281.92,589
190,"USB-C Hub",Electronics,151.66,590
191,"Wireless Earbuds",Electronics,850.85,591
192,"Electric Kettle","Home & Kitchen",216.51,592
193,"Desk Organizer",Accessories,459.72,593
194,"Screen Protector",Accessories,575.04,594
195,"Desk Lamp","Home & Kitchen",807.09,595
196,"4K Monitor",Electronics,187.11,596
197,"Water Bottle","Home & Kitchen",80.33,597
198,"File Cabinet",Furniture,560.4,598
199,"Webcam HD",Electronics,809.75,599
200,"Keyboard Wrist Rest",Accessories,153.88,600
201,"Office Chair",Furniture,327.92,501
202,"Coffee Maker","Home & Kitchen",211.92,502
203,"Document Scanner",Electronics,877.27,503
204,"Desk Mat",Accessories,923.37,504
205,"Tablet Stand",Accessories,331.01,505
206,"Drawer Unit",Furniture,670.5,506
207,"Bath Towels","Home & Kitchen",241.36,507
208,"External SSD",Electronics,419.98,508
209,"Computer Speakers",Electronics,955.8,509
210,"Gaming Keyboard",Electronics,822.1,510
211,"Gaming Mouse Pad",Accessories,871.02,511
212,"Rice Cooker","Home & Kitchen",667.5,512
213,"Phone Grip",Accessories,128.26,513
214,"Toaster Oven","Home & Kitchen",322.1,514
215,"Laptop Stand",Accessories,393,515
216,"Mechanical Keyboard",Electronics,908.76,516
217,"Food Processor","Home & Kitchen",252.67,517
218,"Monitor Stand",Furniture,438.79,518
219,"Laptop Sleeve",Accessories,477.95,519
220,"Wireless Mouse",Electronics,26.5,520
221,"Power Strip",Electronics,657.51,521
222,Microphone,Electronics,668.94,522
223,Bookshelf,Furniture,640.44,523
224,"Portable Charger",Accessories,316.48,524
225,"Bluetooth Headphones",Electronics,137.03,525
226,"Noise Cancelling Headset",Electronics,828.05,526
227,"Smart Watch",Electronics,583.51,527
228,"Cable Organizer",Accessories,225.41,528
229,"Storage Containers","Home & Kitchen",467.45,529
230,"Kitchen Blender","Home & Kitchen",300.28,530
231,"Wall Clock","Home & Kitchen",62.02,531
232,"Storage Shelf",Furniture,875.67,532
233,"WiFi Router",Electronics,767.58,533
234,"Air Purifier","Home & Kitchen",85.84,534
235,"Smartphone Case",Accessories,782.25,535
236,"Standing Desk",Furniture,82.48,536
237,"Throw Pillows","Home & Kitchen",322.78,537
238,"Wireless Charger",Electronics,61.99,538
239,"Wireless Presenter",Electronics,770.36,539
240,"USB-C Hub",Electronics,20.82,540
241,"Wireless Earbuds",Electronics,245,541
242,"Electric Kettle","Home & Kitchen",957.07,542
243,"Desk Organizer",Accessories,634.6,543
244,"Screen Protector",Accessories,722.31,544
245,"Desk Lamp","Home & Kitchen",176.96,545
246,"4K Monitor",Electronics,80.42,546
247,"Water Bottle","Home & Kitchen",165.03,547
248,"File Cabinet",Furniture,725.39,548
249,"Webcam HD",Electronics,927.28,549
250,"Keyboard Wrist Rest",Accessories,491.82,550
251,"Office Chair",Furniture,597.35,551
252,"Coffee Maker","Home & Kitchen",269.53,552
253,"Document Scanner",Electronics,323.45,553
254,"Desk Mat",Accessories,502.9,554
255,"Tablet Stand",Accessories,594.05,555
256,"Drawer Unit",Furniture,934.33,556
257,"Bath Towels","Home & Kitchen",922.32,557
258,"External SSD",Electronics,280.14,558
259,"Computer Speakers",Electronics,346.63,559
260,"Gaming Keyboard",Electronics,242.23,560
261,"Gaming Mouse Pad",Accessories,761.69,561
262,"Rice Cooker","Home & Kitchen",949.91,562
263,"Phone Grip",Accessories,834.83,563
264,"Toaster Oven","Home & Kitchen",910.88,564
265,"Laptop Stand",Accessories,619.75,565
266,"Mechanical Keyboard",Electronics,312.07,566
267,"Food Processor","Home & Kitchen",961.5,567
268,"Monitor Stand",Furniture,845.57,568
269,"Laptop Sleeve",Accessories,542.17,569
270,"Wireless Mouse",Electronics,162.78,570
271,"Power Strip",Electronics,369.14,571
272,Microphone,Electronics,963.83,572
273,Bookshelf,Furniture,892.45,573
274,"Portable Charger",Accessories,526.69,574
275,"Bluetooth Headphones",Electronics,925.92,575
276,"Noise Cancelling Headset",Electronics,198.38,576
277,"Smart Watch",Electronics,9.85,577
278,"Cable Organizer",Accessories,956.57,578
279,"Storage Containers","Home & Kitchen",654.23,579
280,"Kitchen Blender","Home & Kitchen",800.98,580
281,"Wall Clock","Home & Kitchen",400.97,581
282,"Storage Shelf",Furniture,341.72,582
283,"WiFi Router",Electronics,476.05,583
284,"Air Purifier","Home & Kitchen",183.87,584
285,"Smartphone Case",Accessories,620.59,585
286,"Standing Desk",Furniture,450.56,586
287,"Throw Pillows","Home & Kitchen",805.66,587
288,"Wireless Charger",Electronics,672.99,588
289,"Wireless Presenter",Electronics,175.2,589
290,"USB-C Hub",Electronics,877.47,590
291,"Wireless Earbuds",Electronics,12.64,591
292,"Electric Kettle","Home & Kitchen",866.11,592
293,"Desk Organizer",Accessories,160.78,593
294,"Screen Protector",Accessories,648.22,594
295,"Desk Lamp","Home & Kitchen",191.5,595
296,"4K Monitor",Electronics,590.9,596
297,"Water Bottle","Home & Kitchen",629.95,597
298,"File Cabinet",Furniture,246.76,598
299,"Webcam HD",Electronics,589.03,599
300,"Keyboard Wrist Rest",Accessories,23.61,600
301,"Office Chair",Furniture,123.12,501
302,"Coffee Maker","Home & Kitchen",160.82,502
303,"Document Scanner",Electronics,378.57,503
304,"Desk Mat",Accessories,938,504
305,"Tablet Stand",Accessories,164.58,505
306,"Drawer Unit",Furniture,90.45,506
307,"Bath Towels","Home & Kitchen",921.56,507
308,"External SSD",Electronics,676.62,508
309,"Computer Speakers",Electronics,864.9,509
310,"Gaming Keyboard",Electronics,434.43,510
311,"Gaming Mouse Pad",Accessories,717.6,511
312,"Rice Cooker","Home & Kitchen",632.17,512
313,"Phone Grip",Accessories,855.71,513
314,"Toaster Oven","Home & Kitchen",844.3,514
315,"Laptop Stand",Accessories,204.56,515
316,"Mechanical Keyboard",Electronics,461.62,516
317,"Food Processor","Home & Kitchen",752.78,517
318,"Monitor Stand",Furniture,271.12,518
319,"Laptop Sleeve",Accessories,611.11,519
320,"Wireless Mouse",Electronics,946.27,520
321,"Power Strip",Electronics,986.87,521
322,Microphone,Electronics,427.01,522
323,Bookshelf,Furniture,684.64,523
324,"Portable Charger",Accessories,24.13,524
325,"Bluetooth Headphones",Electronics,90.6,525
326,"Noise Cancelling Headset",Electronics,797.75,526
327,"Smart Watch",Electronics,239.4,527
328,"Cable Organizer",Accessories,808.33,528
329,"Storage Containers","Home & Kitchen",974.91,529
330,"Kitchen Blender","Home & Kitchen",16.9,530
331,"Wall Clock","Home & Kitchen",395.33,531
332,"Storage Shelf",Furniture,903.09,532
333,"WiFi Router",Electronics,4.59,533
334,"Air Purifier","Home & Kitchen",489.2,534
335,"Smartphone Case",Accessories,415.23,535
336,"Standing Desk",Furniture,962.93,536
337,"Throw Pillows","Home & Kitchen",258.4,537
338,"Wireless Charger",Electronics,174.19,538
339,"Wireless Presenter",Electronics,242.33,539
340,"USB-C Hub",Electronics,178.52,540
341,"Wireless Earbuds",Electronics,267.48,541
342,"Electric Kettle","Home & Kitchen",162.87,542
343,"Desk Organizer",Accessories,361.47,543
344,"Screen Protector",Accessories,873.14,544
345,"Desk Lamp","Home & Kitchen",571.79,545
346,"4K Monitor",Electronics,49.16,546
347,"Water Bottle","Home & Kitchen",697.57,547
348,"File Cabinet",Furniture,909.15,548
349,"Webcam HD",Electronics,768.97,549
350,"Keyboard Wrist Rest",Accessories,126.55,550
351,"Office Chair",Furniture,131.99,551
352,"Coffee Maker","Home & Kitchen",610.68,552
353,"Document Scanner",Electronics,652.38,553
354,"Desk Mat",Accessories,928.81,554
355,"Tablet Stand",Accessories,989.41,555
356,"Drawer Unit",Furniture,872.48,556
357,"Bath Towels","Home & Kitchen",83.35,557
358,"External SSD",Electronics,606.53,558
359,"Computer Speakers",Electronics,796.95,559
360,"Gaming Keyboard",Electronics,589.6,560
361,"Gaming Mouse Pad",Accessories,58.43,561
362,"Rice Cooker","Home & Kitchen",817.29,562
363,"Phone Grip",Accessories,62.41,563
364,"Toaster Oven","Home & Kitchen",517.59,564
365,"Laptop Stand",Accessories,606.53,565
366,"Mechanical Keyboard",Electronics,136.29,566
367,"Food Processor","Home & Kitchen",911.2,567
368,"Monitor Stand",Furniture,334.91,568
369,"Laptop Sleeve",Accessories,887.46,569
370,"Wireless Mouse",Electronics,384.95,570
371,"Power Strip",Electronics,162.35,571
372,Microphone,Electronics,737.62,572
373,Bookshelf,Furniture,191.37,573
374,"Portable Charger",Accessories,679.83,574
375,"Bluetooth Headphones",Electronics,490.32,575
376,"Noise Cancelling Headset",Electronics,242.49,576
377,"Smart Watch",Electronics,474.2,577
378,"Cable Organizer",Accessories,964.87,578
379,"Storage Containers","Home & Kitchen",7.03,579
380,"Kitchen Blender","Home & Kitchen",932.78,580
381,"Wall Clock","Home & Kitchen",552.57,581
382,"Storage Shelf",Furniture,504.93,582
383,"WiFi Router",Electronics,122.74,583
384,"Air Purifier","Home & Kitchen",631.97,584
385,"Smartphone Case",Accessories,122.5,585
386,"Standing Desk",Furniture,211.98,586
387,"Throw Pillows","Home & Kitchen",535.97,587
388,"Wireless Charger",Electronics,713.28,588
389,"Wireless Presenter",Electronics,834.15,589
390,"USB-C Hub",Electronics,995.61,590
391,"Wireless Earbuds",Electronics,766.73,591
392,"Electric Kettle","Home & Kitchen",968.11,592
393,"Desk Organizer",Accessories,938.52,593
394,"Screen Protector",Accessories,933.36,594
395,"Desk Lamp","Home & Kitchen",274.64,595
396,"4K Monitor",Electronics,505.38,596
397,"Water Bottle","Home & Kitchen",353.42,597
398,"File Cabinet",Furniture,658.44,598
399,"Webcam HD",Electronics,313.83,599
400,"Keyboard Wrist Rest",Accessories,369.05,600
401,"Office Chair",Furniture,136.32,501
402,"Coffee Maker","Home & Kitchen",204.98,502
403,"Document Scanner",Electronics,293.65,503
404,"Desk Mat",Accessories,711.17,504
405,"Tablet Stand",Accessories,450.82,505
406,"Drawer Unit",Furniture,934.43,506
407,"Bath Towels","Home & Kitchen",863.47,507
408,"External SSD",Electronics,453.95,508
409,"Computer Speakers",Electronics,891.41,509
410,"Gaming Keyboard",Electronics,186.58,510
411,"Gaming Mouse Pad",Accessories,607.61,511
412,"Rice Cooker","Home & Kitchen",512.25,512
413,"Phone Grip",Accessories,348.25,513
414,"Toaster Oven","Home & Kitchen",954.56,514
415,"Laptop Stand",Accessories,368.41,515
416,"Mechanical Keyboard",Electronics,545.62,516
417,"Food Processor","Home & Kitchen",284.87,517
418,"Monitor Stand",Furniture,296.74,518
419,"Laptop Sleeve",Accessories,347.51,519
420,"Wireless Mouse",Electronics,560.83,520
421,"Power Strip",Electronics,90.29,521
422,Microphone,Electronics,910.45,522
423,Bookshelf,Furniture,10.76,523
424,"Portable Charger",Accessories,697.19,524
425,"Bluetooth Headphones",Electronics,960.56,525
426,"Noise Cancelling Headset",Electronics,853.93,526
427,"Smart Watch",Electronics,283.49,527
428,"Cable Organizer",Accessories,986.51,528
429,"Storage Containers","Home & Kitchen",202.78,529
430,"Kitchen Blender","Home & Kitchen",658.78,530
431,"Wall Clock","Home & Kitchen",387.14,531
432,"Storage Shelf",Furniture,18.81,532
433,"WiFi Router",Electronics,330.84,533
434,"Air Purifier","Home & Kitchen",327.19,534
435,"Smartphone Case",Accessories,596.53,535
436,"Standing Desk",Furniture,659.28,536
437,"Throw Pillows","Home & Kitchen",22.91,537
438,"Wireless Charger",Electronics,643.24,538
439,"Wireless Presenter",Electronics,186.78,539
440,"USB-C Hub",Electronics,5.73,540
441,"Wireless Earbuds",Electronics,279.18,541
442,"Electric Kettle","Home & Kitchen",126.99,542
443,"Desk Organizer",Accessories,359.57,543
444,"Screen Protector",Accessories,991.03,544
445,"Desk Lamp","Home & Kitchen",476.57,545
446,"4K Monitor",Electronics,290.25,546
447,"Water Bottle","Home & Kitchen",633.06,547
448,"File Cabinet",Furniture,862.17,548
449,"Webcam HD",Electronics,9.24,549
450,"Keyboard Wrist Rest",Accessories,723.04,550
451,"Office Chair",Furniture,179.05,551
452,"Coffee Maker","Home & Kitchen",873.67,552
453,"Document Scanner",Electronics,355.12,553
454,"Desk Mat",Accessories,341.04,554
455,"Tablet Stand",Accessories,392.06,555
456,"Drawer Unit",Furniture,970.41,556
457,"Bath Towels","Home & Kitchen",265.08,557
458,"External SSD",Electronics,178.04,558
459,"Computer Speakers",Electronics,969.89,559
460,"Gaming Keyboard",Electronics,345.87,560
461,"Gaming Mouse Pad",Accessories,727.72,561
462,"Rice Cooker","Home & Kitchen",458.77,562
463,"Phone Grip",Accessories,109.49,563
464,"Toaster Oven","Home & Kitchen",576.9,564
465,"Laptop Stand",Accessories,827.35,565
466,"Mechanical Keyboard",Electronics,206.79,566
467,"Food Processor","Home & Kitchen",202.7,567
468,"Monitor Stand",Furniture,968.69,568
469,"Laptop Sleeve",Accessories,554.74,569
470,"Wireless Mouse",Electronics,89.99,570
471,"Power Strip",Electronics,695.03,571
472,Microphone,Electronics,568.49,572
473,Bookshelf,Furniture,380.7,573
474,"Portable Charger",Accessories,923.76,574
475,"Bluetooth Headphones",Electronics,345.21,575
476,"Noise Cancelling Headset",Electronics,430.69,576
477,"Smart Watch",Electronics,998.47,577
478,"Cable Organizer",Accessories,277.35,578
479,"Storage Containers","Home & Kitchen",856.93,579
480,"Kitchen Blender","Home & Kitchen",330.42,580
481,"Wall Clock","Home & Kitchen",158.41,581
482,"Storage Shelf",Furniture,88.23,582
483,"WiFi Router",Electronics,910.23,583
484,"Air Purifier","Home & Kitchen",187.42,584
485,"Smartphone Case",Accessories,149.3,585
486,"Standing Desk",Furniture,449.74,586
487,"Throw Pillows","Home & Kitchen",540.88,587
488,"Wireless Charger",Electronics,724.27,588
489,"Wireless Presenter",Electronics,586.15,589
490,"USB-C Hub",Electronics,658.37,590
491,"Wireless Earbuds",Electronics,514.91,591
492,"Electric Kettle","Home & Kitchen",117.74,592
493,"Desk Organizer",Accessories,76.11,593
494,"Screen Protector",Accessories,695.24,594
495,"Desk Lamp","Home & Kitchen",768.87,595
496,"4K Monitor",Electronics,671.47,596
497,"Water Bottle","Home & Kitchen",859.55,597
498,"File Cabinet",Furniture,135.5,598
499,"Webcam HD",Electronics,746.48,599
500,"Keyboard Wrist Rest",Accessories,468.54,600
501,"Office Chair",Furniture,468.53,501
502,"Coffee Maker","Home & Kitchen",333.71,502
503,"Document Scanner",Electronics,602.3,503
504,"Desk Mat",Accessories,916.61,504
505,"Tablet Stand",Accessories,929.66,505
506,"Drawer Unit",Furniture,735.88,506
507,"Bath Towels","Home & Kitchen",352.06,507
508,"External SSD",Electronics,439.15,508
509,"Computer Speakers",Electronics,852.2,509
510,"Gaming Keyboard",Electronics,222.93,510
511,"Gaming Mouse Pad",Accessories,294.11,511
512,"Rice Cooker","Home & Kitchen",426.27,512
513,"Phone Grip",Accessories,634.14,513
514,"Toaster Oven","Home & Kitchen",808.53,514
515,"Laptop Stand",Accessories,137.58,515
516,"Mechanical Keyboard",Electronics,40.03,516
517,"Food Processor","Home & Kitchen",145.21,517
518,"Monitor Stand",Furniture,197.58,518
519,"Laptop Sleeve",Accessories,994.32,519
520,"Wireless Mouse",Electronics,431.12,520
521,"Power Strip",Electronics,135.86,521
522,Microphone,Electronics,406.07,522
523,Bookshelf,Furniture,46.45,523
524,"Portable Charger",Accessories,578.01,524
525,"Bluetooth Headphones",Electronics,785.9,525
526,"Noise Cancelling Headset",Electronics,182.82,526
527,"Smart Watch",Electronics,623.54,527
528,"Cable Organizer",Accessories,602.5,528
529,"Storage Containers","Home & Kitchen",289.53,529
530,"Kitchen Blender","Home & Kitchen",822.34,530
531,"Wall Clock","Home & Kitchen",804.74,531
532,"Storage Shelf",Furniture,456.19,532
533,"WiFi Router",Electronics,105.19,533
534,"Air Purifier","Home & Kitchen",840.99,534
535,"Smartphone Case",Accessories,769.23,535
536,"Standing Desk",Furniture,384.21,536
537,"Throw Pillows","Home & Kitchen",891.2,537
538,"Wireless Charger",Electronics,956.06,538
539,"Wireless Presenter",Electronics,24.19,539
540,"USB-C Hub",Electronics,700.37,540
541,"Wireless Earbuds",Electronics,154.05,541
542,"Electric Kettle","Home & Kitchen",45.12,542
543,"Desk Organizer",Accessories,708.65,543
544,"Screen Protector",Accessories,132.83,544
545,"Desk Lamp","Home & Kitchen",171.11,545
546,"4K Monitor",Electronics,532.71,546
547,"Water Bottle","Home & Kitchen",359.61,547
548,"File Cabinet",Furniture,35.28,548
549,"Webcam HD",Electronics,636.16,549
550,"Keyboard Wrist Rest",Accessories,493.65,550
551,"Office Chair",Furniture,972.42,551
552,"Coffee Maker","Home & Kitchen",661.5,552
553,"Document Scanner",Electronics,225.57,553
554,"Desk Mat",Accessories,256.21,554
555,"Tablet Stand",Accessories,652.44,555
556,"Drawer Unit",Furniture,928.96,556
557,"Bath Towels","Home & Kitchen",113.44,557
558,"External SSD",Electronics,189.47,558
559,"Computer Speakers",Electronics,601,559
560,"Gaming Keyboard",Electronics,821.67,560
561,"Gaming Mouse Pad",Accessories,827.26,561
562,"Rice Cooker","Home & Kitchen",972.16,562
563,"Phone Grip",Accessories,845.65,563
564,"Toaster Oven","Home & Kitchen",392.09,564
565,"Laptop Stand",Accessories,56.32,565
566,"Mechanical Keyboard",Electronics,696.52,566
567,"Food Processor","Home & Kitchen",663.72,567
568,"Monitor Stand",Furniture,592.72,568
569,"Laptop Sleeve",Accessories,660.88,569
570,"Wireless Mouse",Electronics,738.6,570
571,"Power Strip",Electronics,734.89,571
572,Microphone,Electronics,466.02,572
573,Bookshelf,Furniture,928.48,573
574,"Portable Charger",Accessories,955.43,574
575,"Bluetooth Headphones",Electronics,812.69,575
576,"Noise Cancelling Headset",Electronics,462.87,576
577,"Smart Watch",Electronics,157.29,577
578,"Cable Organizer",Accessories,6.25,578
579,"Storage Containers","Home & Kitchen",928.65,579
580,"Kitchen Blender","Home & Kitchen",761.41,580
581,"Wall Clock","Home & Kitchen",690.64,581
582,"Storage Shelf",Furniture,61.12,582
583,"WiFi Router",Electronics,77.77,583
584,"Air Purifier","Home & Kitchen",391.87,584
585,"Smartphone Case",Accessories,717.16,585
586,"Standing Desk",Furniture,638.98,586
587,"Throw Pillows","Home & Kitchen",68.34,587
588,"Wireless Charger",Electronics,627.95,588
589,"Wireless Presenter",Electronics,108.21,589
590,"USB-C Hub",Electronics,477.37,590
591,"Wireless Earbuds",Electronics,595,591
592,"Electric Kettle","Home & Kitchen",300.03,592
593,"Desk Organizer",Accessories,276.04,593
594,"Screen Protector",Accessories,878.54,594
595,"Desk Lamp","Home & Kitchen",556.46,595
596,"4K Monitor",Electronics,377.25,596
597,"Water Bottle","Home & Kitchen",550.65,597
598,"File Cabinet",Furniture,388.2,598
599,"Webcam HD",Electronics,613.17,599
600,"Keyboard Wrist Rest",Accessories,859.22,600
601,"Office Chair",Furniture,266.88,501
602,"Coffee Maker","Home & Kitchen",187.49,502
603,"Document Scanner",Electronics,213.22,503
604,"Desk Mat",Accessories,769.1,504
605,"Tablet Stand",Accessories,379.32,505
606,"Drawer Unit",Furniture,451.58,506
607,"Bath Towels","Home & Kitchen",461.6,507
608,"External SSD",Electronics,661.12,508
609,"Computer Speakers",Electronics,457.84,509
610,"Gaming Keyboard",Electronics,525.35,510
611,"Gaming Mouse Pad",Accessories,47.42,511
612,"Rice Cooker","Home & Kitchen",113.93,512
613,"Phone Grip",Accessories,189.01,513
614,"Toaster Oven","Home & Kitchen",983.86,514
615,"Laptop Stand",Accessories,179.19,515
616,"Mechanical Keyboard",Electronics,323.94,516
617,"Food Processor","Home & Kitchen",628.23,517
618,"Monitor Stand",Furniture,695.11,518
619,"Laptop Sleeve",Accessories,212.23,519
620,"Wireless Mouse",Electronics,989.63,520
621,"Power Strip",Electronics,780.5,521
622,Microphone,Electronics,147.05,522
623,Bookshelf,Furniture,661.53,523
624,"Portable Charger",Accessories,8.57,524
625,"Bluetooth Headphones",Electronics,457.98,525
626,"Noise Cancelling Headset",Electronics,197.13,526
627,"Smart Watch",Electronics,910.75,527
628,"Cable Organizer",Accessories,578.01,528
629,"Storage Containers","Home & Kitchen",731.75,529
630,"Kitchen Blender","Home & Kitchen",828.03,530
631,"Wall Clock","Home & Kitchen",821.44,531
632,"Storage Shelf",Furniture,826.55,532
633,"WiFi Router",Electronics,232.49,533
634,"Air Purifier","Home & Kitchen",738.34,534
635,"Smartphone Case",Accessories,265.05,535
636,"Standing Desk",Furniture,178.87,536
637,"Throw Pillows","Home & Kitchen",997.33,537
638,"Wireless Charger",Electronics,657.05,538
639,"Wireless Presenter",Electronics,432.07,539
640,"USB-C Hub",Electronics,634.32,540
641,"Wireless Earbuds",Electronics,337.94,541
642,"Electric Kettle","Home & Kitchen",824.43,542
643,"Desk Organizer",Accessories,823.99,543
644,"Screen Protector",Accessories,372.06,544
645,"Desk Lamp","Home & Kitchen",893.24,545
646,"4K Monitor",Electronics,128.9,546
647,"Water Bottle","Home & Kitchen",292.15,547
648,"File Cabinet",Furniture,951.43,548
649,"Webcam HD",Electronics,612.05,549
650,"Keyboard Wrist Rest",Accessories,583.16,550
651,"Office Chair",Furniture,593.76,551
652,"Coffee Maker","Home & Kitchen",196.89,552
653,"Document Scanner",Electronics,340.41,553
654,"Desk Mat",Accessories,466.2,554
655,"Tablet Stand",Accessories,987.21,555
656,"Drawer Unit",Furniture,762.16,556
657,"Bath Towels","Home & Kitchen",623.66,557
658,"External SSD",Electronics,524.39,558
659,"Computer Speakers",Electronics,70.66,559
660,"Gaming Keyboard",Electronics,819.44,560
661,"Gaming Mouse Pad",Accessories,884.66,561
662,"Rice Cooker","Home & Kitchen",811.98,562
663,"Phone Grip",Accessories,588.31,563
664,"Toaster Oven","Home & Kitchen",767.97,564
665,"Laptop Stand",Accessories,161.58,565
666,"Mechanical Keyboard",Electronics,230.01,566
667,"Food Processor","Home & Kitchen",29.14,567
668,"Monitor Stand",Furniture,200.2,568
669,"Laptop Sleeve",Accessories,899,569
670,"Wireless Mouse",Electronics,557.61,570
671,"Power Strip",Electronics,915.59,571
672,Microphone,Electronics,294.05,572
673,Bookshelf,Furniture,486.12,573
674,"Portable Charger",Accessories,69.87,574
675,"Bluetooth Headphones",Electronics,457.65,575
676,"Noise Cancelling Headset",Electronics,227.45,576
677,"Smart Watch",Electronics,167.7,577
678,"Cable Organizer",Accessories,736.66,578
679,"Storage Containers","Home & Kitchen",869.17,579
680,"Kitchen Blender","Home & Kitchen",75.7,580
681,"Wall Clock","Home & Kitchen",389.16,581
682,"Storage Shelf",Furniture,795.33,582
683,"WiFi Router",Electronics,178.09,583
684,"Air Purifier","Home & Kitchen",602.9,584
685,"Smartphone Case",Accessories,254.38,585
686,"Standing Desk",Furniture,798.1,586
687,"Throw Pillows","Home & Kitchen",254.62,587
688,"Wireless Charger",Electronics,976.37,588
689,"Wireless Presenter",Electronics,132.94,589
690,"USB-C Hub",Electronics,698.13,590
691,"Wireless Earbuds",Electronics,396.62,591
692,"Electric Kettle","Home & Kitchen",670.7,592
693,"Desk Organizer",Accessories,930.02,593
694,"Screen Protector",Accessories,730.37,594
695,"Desk Lamp","Home & Kitchen",46.74,595
696,"4K Monitor",Electronics,469.39,596
697,"Water Bottle","Home & Kitchen",964.02,597
698,"File Cabinet",Furniture,502.33,598
699,"Webcam HD",Electronics,938.94,599
700,"Keyboard Wrist Rest",Accessories,439.17,600
701,"Office Chair",Furniture,503.86,501
702,"Coffee Maker","Home & Kitchen",544.24,502
703,"Document Scanner",Electronics,637.22,503
704,"Desk Mat",Accessories,627.21,504
705,"Tablet Stand",Accessories,522.34,505
706,"Drawer Unit",Furniture,38.32,506
707,"Bath Towels","Home & Kitchen",388.55,507
708,"External SSD",Electronics,49.07,508
709,"Computer Speakers",Electronics,41.44,509
710,"Gaming Keyboard",Electronics,635.91,510
711,"Gaming Mouse Pad",Accessories,178.54,511
712,"Rice Cooker","Home & Kitchen",621.37,512
713,"Phone Grip",Accessories,336.95,513
714,"Toaster Oven","Home & Kitchen",434.47,514
715,"Laptop Stand",Accessories,678.63,515
716,"Mechanical Keyboard",Electronics,980.89,516
717,"Food Processor","Home & Kitchen",458.18,517
718,"Monitor Stand",Furniture,54.43,518
719,"Laptop Sleeve",Accessories,348.21,519
720,"Wireless Mouse",Electronics,538.02,520
721,"Power Strip",Electronics,734.38,521
722,Microphone,Electronics,777.5,522
723,Bookshelf,Furniture,529.78,523
724,"Portable Charger",Accessories,646.45,524
725,"Bluetooth Headphones",Electronics,722.25,525
726,"Noise Cancelling Headset",Electronics,657.6,526
727,"Smart Watch",Electronics,166.62,527
728,"Cable Organizer",Accessories,197.66,528
729,"Storage Containers","Home & Kitchen",421.65,529
730,"Kitchen Blender","Home & Kitchen",289.2,530
731,"Wall Clock","Home & Kitchen",920.07,531
732,"Storage Shelf",Furniture,677.91,532
733,"WiFi Router",Electronics,430.83,533
734,"Air Purifier","Home & Kitchen",677.76,534
735,"Smartphone Case",Accessories,361.74,535
736,"Standing Desk",Furniture,581.83,536
737,"Throw Pillows","Home & Kitchen",34.93,537
738,"Wireless Charger",Electronics,738.11,538
739,"Wireless Presenter",Electronics,763.99,539
740,"USB-C Hub",Electronics,150.23,540
741,"Wireless Earbuds",Electronics,921.51,541
742,"Electric Kettle","Home & Kitchen",642.7,542
743,"Desk Organizer",Accessories,959.52,543
744,"Screen Protector",Accessories,621.58,544
745,"Desk Lamp","Home & Kitchen",235.65,545
746,"4K Monitor",Electronics,128.89,546
747,"Water Bottle","Home & Kitchen",911.73,547
748,"File Cabinet",Furniture,375.53,548
749,"Webcam HD",Electronics,584.97,549
750,"Keyboard Wrist Rest",Accessories,207.25,550
751,"Office Chair",Furniture,57.04,551
752,"Coffee Maker","Home & Kitchen",213.16,552
753,"Document Scanner",Electronics,619.32,553
754,"Desk Mat",Accessories,257.22,554
755,"Tablet Stand",Accessories,800.29,555
756,"Drawer Unit",Furniture,170.95,556
757,"Bath Towels","Home & Kitchen",520.39,557
758,"External SSD",Electronics,540.82,558
759,"Computer Speakers",Electronics,444.8,559
760,"Gaming Keyboard",Electronics,943.88,560
761,"Gaming Mouse Pad",Accessories,795.76,561
762,"Rice Cooker","Home & Kitchen",518.3,562
763,"Phone Grip",Accessories,680.24,563
764,"Toaster Oven","Home & Kitchen",196.96,564
765,"Laptop Stand",Accessories,244.39,565
766,"Mechanical Keyboard",Electronics,870.32,566
767,"Food Processor","Home & Kitchen",989.8,567
768,"Monitor Stand",Furniture,72.24,568
769,"Laptop Sleeve",Accessories,974.57,569
770,"Wireless Mouse",Electronics,710.16,570
771,"Power Strip",Electronics,26.09,571
772,Microphone,Electronics,973.43,572
773,Bookshelf,Furniture,807.4,573
774,"Portable Charger",Accessories,943.17,574
775,"Bluetooth Headphones",Electronics,726.35,575
776,"Noise Cancelling Headset",Electronics,41.14,576
777,"Smart Watch",Electronics,770.32,577
778,"Cable Organizer",Accessories,57.08,578
779,"Storage Containers","Home & Kitchen",819.8,579
780,"Kitchen Blender","Home & Kitchen",337.21,580
781,"Wall Clock","Home & Kitchen",842.04,581
782,"Storage Shelf",Furniture,819.02,582
783,"WiFi Router",Electronics,513.82,583
784,"Air Purifier","Home & Kitchen",884.57,584
785,"Smartphone Case",Accessories,583.08,585
786,"Standing Desk",Furniture,507.25,586
787,"Throw Pillows","Home & Kitchen",843.88,587
788,"Wireless Charger",Electronics,483.19,588
789,"Wireless Presenter",Electronics,477.53,589
790,"USB-C Hub",Electronics,861.45,590
791,"Wireless Earbuds",Electronics,73.21,591
792,"Electric Kettle","Home & Kitchen",128.08,592
793,"Desk Organizer",Accessories,333.02,593
794,"Screen Protector",Accessories,532.33,594
795,"Desk Lamp","Home & Kitchen",318.84,595
796,"4K Monitor",Electronics,972.63,596
797,"Water Bottle","Home & Kitchen",749.98,597
798,"File Cabinet",Furniture,126.71,598
799,"Webcam HD",Electronics,555.36,599
800,"Keyboard Wrist Rest",Accessories,972.81,600
801,"Office Chair",Furniture,415.25,501
802,"Coffee Maker","Home & Kitchen",851.23,502
803,"Document Scanner",Electronics,783.45,503
804,"Desk Mat",Accessories,257.9,504
805,"Tablet Stand",Accessories,857.44,505
806,"Drawer Unit",Furniture,630.3,506
807,"Bath Towels","Home & Kitchen",109.21,507
808,"External SSD",Electronics,869.13,508
809,"Computer Speakers",Electronics,675.3,509
810,"Gaming Keyboard",Electronics,40.48,510
811,"Gaming Mouse Pad",Accessories,642.56,511
812,"Rice Cooker","Home & Kitchen",7.57,512
813,"Phone Grip",Accessories,790.99,513
814,"Toaster Oven","Home & Kitchen",548.16,514
815,"Laptop Stand",Accessories,944.07,515
816,"Mechanical Keyboard",Electronics,617.94,516
817,"Food Processor","Home & Kitchen",922.37,517
818,"Monitor Stand",Furniture,660.35,518
819,"Laptop Sleeve",Accessories,883.31,519
820,"Wireless Mouse",Electronics,965.16,520
821,"Power Strip",Electronics,212.11,521
822,Microphone,Electronics,273.53,522
823,Bookshelf,Furniture,907.19,523
824,"Portable Charger",Accessories,268.95,524
825,"Bluetooth Headphones",Electronics,278.04,525
826,"Noise Cancelling Headset",Electronics,862.96,526
827,"Smart Watch",Electronics,764.34,527
828,"Cable Organizer",Accessories,830.3,528
829,"Storage Containers","Home & Kitchen",877.76,529
830,"Kitchen Blender","Home & Kitchen",446.82,530
831,"Wall Clock","Home & Kitchen",912.94,531
832,"Storage Shelf",Furniture,779.33,532
833,"WiFi Router",Electronics,692.9,533
834,"Air Purifier","Home & Kitchen",916.9,534
835,"Smartphone Case",Accessories,582.85,535
836,"Standing Desk",Furniture,888.47,536
837,"Throw Pillows","Home & Kitchen",281.99,537
838,"Wireless Charger",Electronics,334.13,538
839,"Wireless Presenter",Electronics,73.42,539
840,"USB-C Hub",Electronics,645.79,540
841,"Wireless Earbuds",Electronics,174.45,541
842,"Electric Kettle","Home & Kitchen",461.99,542
843,"Desk Organizer",Accessories,962.82,543
844,"Screen Protector",Accessories,0.16,544
845,"Desk Lamp","Home & Kitchen",870.86,545
846,"4K Monitor",Electronics,834.65,546
847,"Water Bottle","Home & Kitchen",389.9,547
848,"File Cabinet",Furniture,106.73,548
849,"Webcam HD",Electronics,219.06,549
850,"Keyboard Wrist Rest",Accessories,374.12,550
851,"Office Chair",Furniture,115.16,551
852,"Coffee Maker","Home & Kitchen",71.63,552
853,"Document Scanner",Electronics,503.79,553
854,"Desk Mat",Accessories,450.46,554
855,"Tablet Stand",Accessories,349.5,555
856,"Drawer Unit",Furniture,783.16,556
857,"Bath Towels","Home & Kitchen",299.69,557
858,"External SSD",Electronics,337.1,558
859,"Computer Speakers",Electronics,44.33,559
860,"Gaming Keyboard",Electronics,1.11,560
861,"Gaming Mouse Pad",Accessories,943.2,561
862,"Rice Cooker","Home & Kitchen",365.71,562
863,"Phone Grip",Accessories,248.46,563
864,"Toaster Oven","Home & Kitchen",884.83,564
865,"Laptop Stand",Accessories,655.51,565
866,"Mechanical Keyboard",Electronics,275.98,566
867,"Food Processor","Home & Kitchen",905.75,567
868,"Monitor Stand",Furniture,876.14,568
869,"Laptop Sleeve",Accessories,42.95,569
870,"Wireless Mouse",Electronics,403.09,570
871,"Power Strip",Electronics,538.26,571
872,Microphone,Electronics,376.48,572
873,Bookshelf,Furniture,975.52,573
874,"Portable Charger",Accessories,278.86,574
875,"Bluetooth Headphones",Electronics,476.77,575
876,"Noise Cancelling Headset",Electronics,202.64,576
877,"Smart Watch",Electronics,676.69,577
878,"Cable Organizer",Accessories,711.97,578
879,"Storage Containers","Home & Kitchen",269.61,579
880,"Kitchen Blender","Home & Kitchen",250.16,580
881,"Wall Clock","Home & Kitchen",353.79,581
882,"Storage Shelf",Furniture,13.11,582
883,"WiFi Router",Electronics,369.04,583
884,"Air Purifier","Home & Kitchen",897.15,584
885,"Smartphone Case",Accessories,34.25,585
886,"Standing Desk",Furniture,268.69,586
887,"Throw Pillows","Home & Kitchen",692.69,587
888,"Wireless Charger",Electronics,568.18,588
889,"Wireless Presenter",Electronics,872.91,589
890,"USB-C Hub",Electronics,735.34,590
891,"Wireless Earbuds",Electronics,426.24,591
892,"Electric Kettle","Home & Kitchen",327.91,592
893,"Desk Organizer",Accessories,369.2,593
894,"Screen Protector",Accessories,141.33,594
895,"Desk Lamp","Home & Kitchen",153.47,595
896,"4K Monitor",Electronics,590.45,596
897,"Water Bottle","Home & Kitchen",459.68,597
898,"File Cabinet",Furniture,461.79,598
899,"Webcam HD",Electronics,395.3,599
900,"Keyboard Wrist Rest",Accessories,709.67,600
901,"Office Chair",Furniture,625.8,501
902,"Coffee Maker","Home & Kitchen",773.69,502
903,"Document Scanner",Electronics,564.9,503
904,"Desk Mat",Accessories,187.29,504
905,"Tablet Stand",Accessories,51.91,505
906,"Drawer Unit",Furniture,5.72,506
907,"Bath Towels","Home & Kitchen",28.58,507
908,"External SSD",Electronics,978.06,508
909,"Computer Speakers",Electronics,309.12,509
910,"Gaming Keyboard",Electronics,413.63,510
911,"Gaming Mouse Pad",Accessories,36.92,511
912,"Rice Cooker","Home & Kitchen",835.69,512
913,"Phone Grip",Accessories,405.35,513
914,"Toaster Oven","Home & Kitchen",963.53,514
915,"Laptop Stand",Accessories,748.3,515
916,"Mechanical Keyboard",Electronics,545.67,516
917,"Food Processor","Home & Kitchen",147.23,517
918,"Monitor Stand",Furniture,432.29,518
919,"Laptop Sleeve",Accessories,270.97,519
920,"Wireless Mouse",Electronics,768.3,520
921,"Power Strip",Electronics,290.41,521
922,Microphone,Electronics,89.48,522
923,Bookshelf,Furniture,947.02,523
924,"Portable Charger",Accessories,955.07,524
925,"Bluetooth Headphones",Electronics,546.06,525
926,"Noise Cancelling Headset",Electronics,852.33,526
927,"Smart Watch",Electronics,615.63,527
928,"Cable Organizer",Accessories,873.41,528
929,"Storage Containers","Home & Kitchen",122.93,529
930,"Kitchen Blender","Home & Kitchen",242.55,530
931,"Wall Clock","Home & Kitchen",12.31,531
932,"Storage Shelf",Furniture,537.14,532
933,"WiFi Router",Electronics,274.55,533
934,"Air Purifier","Home & Kitchen",997.18,534
935,"Smartphone Case",Accessories,593.26,535
936,"Standing Desk",Furniture,786.05,536
937,"Throw Pillows","Home & Kitchen",108.59,537
938,"Wireless Charger",Electronics,380.93,538
939,"Wireless Presenter",Electronics,746.75,539
940,"USB-C Hub",Electronics,950.82,540
941,"Wireless Earbuds",Electronics,195.85,541
942,"Electric Kettle","Home & Kitchen",705.39,542
943,"Desk Organizer",Accessories,717.24,543
944,"Screen Protector",Accessories,602.14,544
945,"Desk Lamp","Home & Kitchen",931.22,545
946,"4K Monitor",Electronics,252.94,546
947,"Water Bottle","Home & Kitchen",782.17,547
948,"File Cabinet",Furniture,767.29,548
949,"Webcam HD",Electronics,456.91,549
950,"Keyboard Wrist Rest",Accessories,43.83,550
951,"Office Chair",Furniture,286.38,551
952,"Coffee Maker","Home & Kitchen",868.59,552
953,"Document Scanner",Electronics,168.99,553
954,"Desk Mat",Accessories,969.94,554
955,"Tablet Stand",Accessories,477.61,555
956,"Drawer Unit",Furniture,554.38,556
957,"Bath Towels","Home & Kitchen",236.89,557
958,"External SSD",Electronics,725.55,558
959,"Computer Speakers",Electronics,915.89,559
960,"Gaming Keyboard",Electronics,794.71,560
961,"Gaming Mouse Pad",Accessories,94.73,561
962,"Rice Cooker","Home & Kitchen",954.97,562
963,"Phone Grip",Accessories,290.96,563
964,"Toaster Oven","Home & Kitchen",74.02,564
965,"Laptop Stand",Accessories,5.65,565
966,"Mechanical Keyboard",Electronics,978.09,566
967,"Food Processor","Home & Kitchen",186.21,567
968,"Monitor Stand",Furniture,999.59,568
969,"Laptop Sleeve",Accessories,169.03,569
970,"Wireless Mouse",Electronics,690.62,570
971,"Power Strip",Electronics,695.29,571
972,Microphone,Electronics,996.76,572
973,Bookshelf,Furniture,92.73,573
974,"Portable Charger",Accessories,41.68,574
975,"Bluetooth Headphones",Electronics,43.54,575
976,"Noise Cancelling Headset",Electronics,744.79,576
977,"Smart Watch",Electronics,930.8,577
978,"Cable Organizer",Accessories,965.57,578
979,"Storage Containers","Home & Kitchen",801.92,579
980,"Kitchen Blender","Home & Kitchen",100.12,580
981,"Wall Clock","Home & Kitchen",931.48,581
982,"Storage Shelf",Furniture,267.23,582
983,"WiFi Router",Electronics,668.77,583
984,"Air Purifier","Home & Kitchen",257.34,584
985,"Smartphone Case",Accessories,242.47,585
986,"Standing Desk",Furniture,521.17,586
987,"Throw Pillows","Home & Kitchen",430.63,587
988,"Wireless Charger",Electronics,780.76,588
989,"Wireless Presenter",Electronics,120.05,589
990,"USB-C Hub",Electronics,324.25,590
991,"Wireless Earbuds",Electronics,724.95,591
992,"Electric Kettle","Home & Kitchen",428.31,592
993,"Desk Organizer",Accessories,213.96,593
994,"Screen Protector",Accessories,982.95,594
995,"Desk Lamp","Home & Kitchen",202.99,595
996,"4K Monitor",Electronics,205.43,596
997,"Water Bottle","Home & Kitchen",864.32,597
998,"File Cabinet",Furniture,826.71,598
999,"Webcam HD",Electronics,965.15,599
1000,"Keyboard Wrist Rest",Accessories,81.88,600
